IdHotelu;Nazwa;Adres;StandardHotelu;ZakresWyzywienia;LiczbaPokoi2;LiczbaPokoi3;LiczbaPokoi4;Udogodnienia
1;Hotel_Rzym_1;Ul. Centralna 208, Rzym, Rzym, Włochy;3;bez wyżywienia;111;11;7;"spa;basen"
2;Hotel_Rzym_2;Ul. Główna 191, Rzym, Rzym, Włochy;3;bez wyżywienia;50;11;18;"basen;siłownia;spa"
3;Hotel_Mediolan_3;Ul. Plażowa 263, Mediolan, Mediolan, Włochy;4;pełne wyżywienie;35;4;20;brak
4;Hotel_Wenecja_4;Ul. Kwiatowa 293, Wenecja, Wenecja, Włochy;3;półpension;140;14;10;"basen;siłownia;spa"
5;Hotel_Wenecja_5;Ul. Przykładowa 65, Wenecja, Wenecja, Włochy;4;śniadania;71;49;13;"basen;wifi"
6;Hotel_Wenecja_6;Ul. Przykładowa 265, Wenecja, Wenecja, Włochy;4;śniadania;166;48;2;"spa;basen"
7;Hotel_Paryż_7;Ul. Główna 141, Paryż, Paryż, Francja;5;pełne wyżywienie;107;19;14;"basen;siłownia;spa"
8;Hotel_Paryż_8;Ul. Przykładowa 160, Paryż, Paryż, Francja;5;bez wyżywienia;17;16;14;"basen;wifi"
9;Hotel_Nicea_9;Ul. Przykładowa 70, Nicea, Nicea, Francja;2;śniadania;12;7;19;"spa;basen"
10;Hotel_Lyon_10;Ul. Plażowa 94, Lyon, Lyon, Francja;3;półpension;81;46;10;brak
11;Hotel_Lyon_11;Ul. Główna 155, Lyon, Lyon, Francja;3;śniadania;112;12;5;"basen;wifi"
12;Hotel_Barcelona_12;Ul. Przykładowa 119, Barcelona, Barcelona, Hiszpania;3;półpension;8;9;3;"basen;siłownia;spa"
13;Hotel_Madryt_13;Ul. Przykładowa 201, Madryt, Madryt, Hiszpania;3;śniadania;66;6;15;"spa;basen"
14;Hotel_Walencja_14;Ul. Kwiatowa 133, Walencja, Walencja, Hiszpania;4;pełne wyżywienie;45;47;9;"basen;wifi"
15;Hotel_Walencja_15;Ul. Główna 49, Walencja, Walencja, Hiszpania;4;bez wyżywienia;139;0;24;"basen;siłownia;spa"
16;Hotel_Walencja_16;Ul. Kwiatowa 273, Walencja, Walencja, Hiszpania;3;półpension;122;26;14;"basen;wifi"
17;Hotel_Londyn_17;Ul. Główna 199, Londyn, Londyn, Wielka Brytania;3;śniadania;86;30;14;"basen;wifi"
18;Hotel_Londyn_18;Ul. Przykładowa 161, Londyn, Londyn, Wielka Brytania;3;pełne wyżywienie;37;24;18;"basen;siłownia;spa"
19;Hotel_Manchester_19;Ul. Centralna 57, Manchester, Manchester, Wielka Brytania;4;śniadania;29;39;5;"basen;wifi"
20;Hotel_Edynburg_20;Ul. Przykładowa 111, Edynburg, Edynburg, Wielka Brytania;4;bez wyżywienia;132;30;1;brak
21;Hotel_Ateny_21;Ul. Kwiatowa 169, Ateny, Ateny, Grecja;5;półpension;103;37;17;"spa;basen"
22;Hotel_Saloniki_22;Ul. Plażowa 93, Saloniki, Saloniki, Grecja;2;półpension;45;43;23;brak
23;Hotel_Saloniki_23;Ul. Główna 100, Saloniki, Saloniki, Grecja;3;śniadania;148;7;3;"wifi;parking"
24;Hotel_Saloniki_24;Ul. Centralna 121, Saloniki, Saloniki, Grecja;3;pełne wyżywienie;62;31;11;brak
25;Hotel_Lizbona_25;Ul. Plażowa 288, Lizbona, Lizbona, Portugalia;3;bez wyżywienia;134;6;16;"basen;wifi"
26;Hotel_Lizbona_26;Ul. Centralna 277, Lizbona, Lizbona, Portugalia;2;pełne wyżywienie;66;25;15;"basen;wifi"
27;Hotel_Lizbona_27;Ul. Plażowa 239, Lizbona, Lizbona, Portugalia;3;półpension;118;19;13;"basen;siłownia;spa"
28;Hotel_Porto_28;Ul. Kwiatowa 112, Porto, Porto, Portugalia;5;bez wyżywienia;72;36;28;"spa;basen"
29;Hotel_Dubrownik_29;Ul. Główna 265, Dubrownik, Dubrownik, Chorwacja;5;pełne wyżywienie;11;30;28;"wifi;parking"
30;Hotel_Dubrownik_30;Ul. Kwiatowa 155, Dubrownik, Dubrownik, Chorwacja;3;bez wyżywienia;98;13;29;"basen;siłownia;spa"
31;Hotel_Dubrownik_31;Ul. Przykładowa 118, Dubrownik, Dubrownik, Chorwacja;3;półpension;69;35;0;"basen;wifi"
32;Hotel_Split_32;Ul. Centralna 299, Split, Split, Chorwacja;5;półpension;89;13;4;"basen;siłownia;spa"
33;Hotel_Sofia_33;Ul. Przykładowa 262, Sofia, Sofia, Bułgaria;3;półpension;114;25;29;"basen;siłownia;spa"
34;Hotel_Sofia_34;Ul. Plażowa 226, Sofia, Sofia, Bułgaria;4;pełne wyżywienie;133;18;17;"basen;wifi"
35;Hotel_Sofia_35;Ul. Plażowa 248, Sofia, Sofia, Bułgaria;2;półpension;113;3;22;"basen;wifi"
36;Hotel_Burgas_36;Ul. Główna 137, Burgas, Burgas, Bułgaria;4;bez wyżywienia;192;25;15;"basen;wifi"
37;Hotel_Burgas_37;Ul. Plażowa 63, Burgas, Burgas, Bułgaria;5;półpension;163;0;24;brak
38;Hotel_Burgas_38;Ul. Kwiatowa 8, Burgas, Burgas, Bułgaria;3;pełne wyżywienie;41;24;5;"wifi;parking"
39;Hotel_Berlin_39;Ul. Centralna 162, Berlin, Berlin, Niemcy;4;pełne wyżywienie;67;44;19;brak
40;Hotel_Berlin_40;Ul. Główna 178, Berlin, Berlin, Niemcy;4;bez wyżywienia;40;38;24;"wifi;parking"
41;Hotel_Monachium_41;Ul. Centralna 153, Monachium, Monachium, Niemcy;5;półpension;132;28;22;"basen;wifi"
42;Hotel_Monachium_42;Ul. Plażowa 189, Monachium, Monachium, Niemcy;3;bez wyżywienia;62;39;16;"wifi;parking"
43;Hotel_Monachium_43;Ul. Plażowa 152, Monachium, Monachium, Niemcy;5;półpension;111;20;29;"basen;wifi"
44;Hotel_Hamburg_44;Ul. Kwiatowa 274, Hamburg, Hamburg, Niemcy;3;śniadania;104;8;11;"basen;wifi"
45;Hotel_Amsterdam_45;Ul. Kwiatowa 1, Amsterdam, Amsterdam, Holandia;3;pełne wyżywienie;155;15;20;"basen;siłownia;spa"
46;Hotel_Rotterdam_46;Ul. Przykładowa 294, Rotterdam, Rotterdam, Holandia;3;pełne wyżywienie;105;1;18;"basen;wifi"
47;Hotel_Rotterdam_47;Ul. Centralna 225, Rotterdam, Rotterdam, Holandia;4;pełne wyżywienie;65;16;3;"spa;basen"
48;Hotel_Rotterdam_48;Ul. Przykładowa 32, Rotterdam, Rotterdam, Holandia;4;półpension;140;12;22;"wifi;parking"
49;Hotel_Bruksela_49;Ul. Przykładowa 184, Bruksela, Bruksela, Belgia;3;półpension;194;14;22;"basen;wifi"
50;Hotel_Antwerpia_50;Ul. Główna 19, Antwerpia, Antwerpia, Belgia;3;bez wyżywienia;153;26;0;"spa;basen"
51;Hotel_Zurych_51;Ul. Centralna 265, Zurych, Zurych, Szwajcaria;3;śniadania;96;47;2;"spa;basen"
52;Hotel_Genewa_52;Ul. Główna 182, Genewa, Genewa, Szwajcaria;3;pełne wyżywienie;92;13;9;"spa;basen"
53;Hotel_Wiedeń_53;Ul. Przykładowa 208, Wiedeń, Wiedeń, Austria;3;półpension;69;30;29;"basen;siłownia;spa"
54;Hotel_Wiedeń_54;Ul. Kwiatowa 286, Wiedeń, Wiedeń, Austria;5;bez wyżywienia;11;28;4;"wifi;parking"
55;Hotel_Wiedeń_55;Ul. Kwiatowa 80, Wiedeń, Wiedeń, Austria;4;pełne wyżywienie;182;16;9;"basen;wifi"
56;Hotel_Salzburg_56;Ul. Centralna 189, Salzburg, Salzburg, Austria;5;półpension;101;6;28;"basen;wifi"
57;Hotel_Salzburg_57;Ul. Centralna 87, Salzburg, Salzburg, Austria;4;półpension;24;42;26;"basen;siłownia;spa"
58;Hotel_Salzburg_58;Ul. Główna 56, Salzburg, Salzburg, Austria;4;śniadania;119;40;3;brak
59;Hotel_Praga_59;Ul. Przykładowa 68, Praga, Praga, Czechy;4;półpension;194;11;20;"basen;wifi"
60;Hotel_Praga_60;Ul. Plażowa 76, Praga, Praga, Czechy;3;śniadania;176;20;21;brak
61;Hotel_Ostrawa_61;Ul. Centralna 135, Ostrawa, Ostrawa, Czechy;3;bez wyżywienia;84;0;9;"basen;siłownia;spa"
62;Hotel_Ostrawa_62;Ul. Plażowa 231, Ostrawa, Ostrawa, Czechy;4;śniadania;126;30;7;"basen;siłownia;spa"
63;Hotel_Ostrawa_63;Ul. Główna 180, Ostrawa, Ostrawa, Czechy;3;półpension;61;48;2;"basen;siłownia;spa"
64;Hotel_Sztokholm_64;Ul. Kwiatowa 91, Sztokholm, Sztokholm, Szwecja;3;śniadania;31;8;0;"basen;wifi"
65;Hotel_Sztokholm_65;Ul. Przykładowa 63, Sztokholm, Sztokholm, Szwecja;5;pełne wyżywienie;8;30;19;"basen;siłownia;spa"
66;Hotel_Sztokholm_66;Ul. Kwiatowa 174, Sztokholm, Sztokholm, Szwecja;4;śniadania;8;41;13;"basen;wifi"
67;Hotel_Gothenburg_67;Ul. Plażowa 36, Gothenburg, Gothenburg, Szwecja;3;półpension;120;20;15;"spa;basen"
68;Hotel_Gothenburg_68;Ul. Centralna 193, Gothenburg, Gothenburg, Szwecja;5;bez wyżywienia;41;27;21;"wifi;parking"
69;Hotel_Oslo_69;Ul. Kwiatowa 200, Oslo, Oslo, Norwegia;2;bez wyżywienia;93;7;30;brak
70;Hotel_Oslo_70;Ul. Przykładowa 62, Oslo, Oslo, Norwegia;4;śniadania;139;12;0;"basen;wifi"
71;Hotel_Oslo_71;Ul. Plażowa 166, Oslo, Oslo, Norwegia;1;bez wyżywienia;171;11;7;"wifi;parking"
72;Hotel_Bergen_72;Ul. Główna 76, Bergen, Bergen, Norwegia;3;bez wyżywienia;64;6;6;brak
73;Hotel_Bergen_73;Ul. Główna 97, Bergen, Bergen, Norwegia;4;bez wyżywienia;133;21;18;brak
74;Hotel_Kopenhaga_74;Ul. Przykładowa 209, Kopenhaga, Kopenhaga, Dania;3;śniadania;98;28;0;"wifi;parking"
75;Hotel_Kopenhaga_75;Ul. Główna 237, Kopenhaga, Kopenhaga, Dania;4;śniadania;199;33;14;brak
76;Hotel_Aarhus_76;Ul. Główna 44, Aarhus, Aarhus, Dania;3;półpension;117;36;14;"basen;wifi"
77;Hotel_Stambuł_77;Ul. Plażowa 168, Stambuł, Stambuł, Turcja;5;bez wyżywienia;148;34;15;"wifi;parking"
78;Hotel_Stambuł_78;Ul. Przykładowa 218, Stambuł, Stambuł, Turcja;3;półpension;130;30;23;"basen;siłownia;spa"
79;Hotel_Antalya_79;Ul. Główna 174, Antalya, Antalya, Turcja;3;pełne wyżywienie;128;22;30;"basen;siłownia;spa"
80;Hotel_Antalya_80;Ul. Przykładowa 273, Antalya, Antalya, Turcja;3;półpension;91;4;3;brak
81;Hotel_Antalya_81;Ul. Plażowa 236, Antalya, Antalya, Turcja;5;bez wyżywienia;192;45;18;"spa;basen"
82;Hotel_Marrakesz_82;Ul. Kwiatowa 125, Marrakesz, Marrakesz, Maroko;5;bez wyżywienia;86;27;26;brak
83;Hotel_Marrakesz_83;Ul. Centralna 50, Marrakesz, Marrakesz, Maroko;5;pełne wyżywienie;191;43;29;brak
84;Hotel_Casablanca_84;Ul. Kwiatowa 20, Casablanca, Casablanca, Maroko;3;śniadania;54;1;9;brak
85;Hotel_Tunis_85;Ul. Kwiatowa 103, Tunis, Tunis, Tunezja;4;pełne wyżywienie;86;21;13;"spa;basen"
86;Hotel_Tunis_86;Ul. Kwiatowa 240, Tunis, Tunis, Tunezja;5;śniadania;64;14;28;"basen;siłownia;spa"
87;Hotel_Tunis_87;Ul. Kwiatowa 228, Tunis, Tunis, Tunezja;5;śniadania;186;29;4;"spa;basen"
88;Hotel_Hammamet_88;Ul. Centralna 181, Hammamet, Hammamet, Tunezja;4;pełne wyżywienie;12;6;5;"spa;basen"
89;Hotel_Hammamet_89;Ul. Główna 62, Hammamet, Hammamet, Tunezja;3;bez wyżywienia;153;21;24;"basen;siłownia;spa"
90;Hotel_Kair_90;Ul. Kwiatowa 198, Kair, Kair, Egipt;3;półpension;118;13;3;"spa;basen"
91;Hotel_Kair_91;Ul. Kwiatowa 285, Kair, Kair, Egipt;3;śniadania;169;17;4;"wifi;parking"
92;Hotel_Hurghada_92;Ul. Centralna 291, Hurghada, Hurghada, Egipt;2;bez wyżywienia;197;1;8;"wifi;parking"
93;Hotel_Nowy Jork_93;Ul. Przykładowa 1, Nowy Jork, Nowy Jork, USA;5;śniadania;196;23;19;"spa;basen"
94;Hotel_Nowy Jork_94;Ul. Główna 33, Nowy Jork, Nowy Jork, USA;5;półpension;61;23;23;"wifi;parking"
95;Hotel_Los Angeles_95;Ul. Plażowa 17, Los Angeles, Los Angeles, USA;3;śniadania;149;36;2;"wifi;parking"
96;Hotel_Los Angeles_96;Ul. Kwiatowa 218, Los Angeles, Los Angeles, USA;5;pełne wyżywienie;137;1;18;"basen;wifi"
97;Hotel_Miami_97;Ul. Kwiatowa 155, Miami, Miami, USA;3;bez wyżywienia;154;45;6;brak
98;Hotel_Miami_98;Ul. Przykładowa 85, Miami, Miami, USA;4;pełne wyżywienie;38;22;29;"spa;basen"
99;Hotel_Miami_99;Ul. Plażowa 220, Miami, Miami, USA;5;bez wyżywienia;191;47;26;"wifi;parking"
100;Hotel_Toronto_100;Ul. Plażowa 44, Toronto, Toronto, Kanada;2;bez wyżywienia;52;34;18;"basen;siłownia;spa"
101;Hotel_Montreal_101;Ul. Centralna 174, Montreal, Montreal, Kanada;5;bez wyżywienia;8;43;10;brak
102;Hotel_Sydney_102;Ul. Plażowa 56, Sydney, Sydney, Australia;2;pełne wyżywienie;197;13;17;"basen;wifi"
103;Hotel_Sydney_103;Ul. Główna 192, Sydney, Sydney, Australia;3;półpension;173;19;12;"basen;siłownia;spa"
104;Hotel_Melbourne_104;Ul. Główna 232, Melbourne, Melbourne, Australia;5;śniadania;96;24;29;"basen;wifi"
105;Hotel_Melbourne_105;Ul. Centralna 291, Melbourne, Melbourne, Australia;5;śniadania;177;6;27;"basen;siłownia;spa"
106;Hotel_Melbourne_106;Ul. Kwiatowa 19, Melbourne, Melbourne, Australia;5;półpension;85;3;6;"spa;basen"
107;Hotel_Tokio_107;Ul. Centralna 109, Tokio, Tokio, Japonia;4;śniadania;172;44;12;"spa;basen"
108;Hotel_Tokio_108;Ul. Przykładowa 195, Tokio, Tokio, Japonia;5;śniadania;11;20;10;brak
109;Hotel_Tokio_109;Ul. Główna 158, Tokio, Tokio, Japonia;3;pełne wyżywienie;100;47;26;"basen;wifi"
110;Hotel_Osaka_110;Ul. Przykładowa 4, Osaka, Osaka, Japonia;4;bez wyżywienia;8;32;3;"basen;wifi"
111;Hotel_Osaka_111;Ul. Centralna 290, Osaka, Osaka, Japonia;5;bez wyżywienia;198;18;26;"basen;wifi"
112;Hotel_Pekin_112;Ul. Przykładowa 223, Pekin, Pekin, Chiny;3;pełne wyżywienie;111;4;29;"wifi;parking"
113;Hotel_Pekin_113;Ul. Centralna 2, Pekin, Pekin, Chiny;4;pełne wyżywienie;9;12;13;"basen;siłownia;spa"
114;Hotel_Pekin_114;Ul. Główna 162, Pekin, Pekin, Chiny;4;pełne wyżywienie;178;19;0;brak
115;Hotel_Szanghaj_115;Ul. Główna 198, Szanghaj, Szanghaj, Chiny;5;półpension;160;46;23;"basen;wifi"
116;Hotel_Mumbaj_116;Ul. Kwiatowa 268, Mumbaj, Mumbaj, Indie;3;bez wyżywienia;7;24;25;"basen;siłownia;spa"
117;Hotel_Delhi_117;Ul. Przykładowa 38, Delhi, Delhi, Indie;3;śniadania;34;40;23;"basen;wifi"
118;Hotel_Delhi_118;Ul. Kwiatowa 78, Delhi, Delhi, Indie;3;półpension;55;41;5;"wifi;parking"
119;Hotel_Dublin_119;Ul. Przykładowa 38, Dublin, Dublin, Irlandia;3;bez wyżywienia;96;5;14;"spa;basen"
120;Hotel_Dublin_120;Ul. Przykładowa 280, Dublin, Dublin, Irlandia;4;półpension;113;7;6;brak
121;Hotel_Dublin_121;Ul. Plażowa 300, Dublin, Dublin, Irlandia;3;półpension;108;23;25;"basen;siłownia;spa"
122;Hotel_Cork_122;Ul. Centralna 202, Cork, Cork, Irlandia;4;śniadania;7;21;27;"basen;wifi"
123;Hotel_Cork_123;Ul. Przykładowa 142, Cork, Cork, Irlandia;4;półpension;134;42;22;brak
124;Hotel_Reykjavik_124;Ul. Przykładowa 45, Reykjavik, Reykjavik, Islandia;3;pełne wyżywienie;109;1;16;"basen;siłownia;spa"
125;Hotel_Reykjavik_125;Ul. Centralna 165, Reykjavik, Reykjavik, Islandia;3;półpension;90;37;30;"spa;basen"
126;Hotel_Akureyri_126;Ul. Kwiatowa 187, Akureyri, Akureyri, Islandia;5;pełne wyżywienie;53;15;13;"basen;siłownia;spa"
127;Hotel_Warszawa_127;Ul. Przykładowa 30, Warszawa, Warszawa, Polska;4;pełne wyżywienie;186;4;16;"basen;wifi"
128;Hotel_Kraków_128;Ul. Plażowa 44, Kraków, Kraków, Polska;3;pełne wyżywienie;159;12;21;"basen;siłownia;spa"
129;Hotel_Kraków_129;Ul. Przykładowa 114, Kraków, Kraków, Polska;3;półpension;142;28;27;"spa;basen"
130;Hotel_Gdańsk_130;Ul. Przykładowa 39, Gdańsk, Gdańsk, Polska;5;śniadania;50;36;4;"basen;wifi"
