Miejscowosc;Termin;Cena;LiczbaOsob
Warsaw;2022-07-17;335;8
Warsaw;2022-09-03;335;18
Warsaw;2025-06-13;335;8
Osaka;2025-04-03;283;4
Osaka;2023-03-27;283;12
Osaka;2021-09-20;283;6
Prague;2020-02-22;336;14
Prague;2025-12-01;336;2
Prague;2022-05-02;336;2
Cairo;2021-04-09;357;17
Cairo;2020-10-07;357;1
Cairo;2022-06-10;357;7
Dublin;2025-10-17;275;18
Dublin;2021-12-25;275;8
Dublin;2024-03-11;275;38
Lisbon;2024-01-13;143;1
Lisbon;2021-10-20;143;12
Lisbon;2020-12-28;143;22
Berlin;2022-11-17;221;2
Berlin;2023-11-09;221;6
Berlin;2023-02-17;221;6
Lyon;2022-12-27;208;7
Lyon;2021-07-13;208;23
Lyon;2023-11-08;208;9
Hurghada;2020-02-13;54;47
Hurghada;2020-04-18;54;35
Hurghada;2025-04-03;54;25
Hamburg;2024-08-25;78;36
Hamburg;2022-12-14;78;21
Hamburg;2025-04-29;78;24
Gdansk;2023-07-10;332;13
Gdansk;2021-10-10;332;1
Gdansk;2025-06-02;332;4
Lisbon;2021-07-07;278;3
Lisbon;2020-09-17;278;4
Lisbon;2021-08-23;278;18
Copenhagen;2020-09-03;244;41
Copenhagen;2022-12-05;244;6
Copenhagen;2024-06-22;244;6
Shanghai;2023-10-18;287;6
Shanghai;2022-11-02;287;45
Shanghai;2021-03-30;287;21
Edinburgh;2020-01-10;172;6
Edinburgh;2025-09-16;172;24
Edinburgh;2021-07-24;172;11
Mumbai;2025-10-30;55;7
Mumbai;2020-02-16;55;41
Mumbai;2025-12-25;55;15
Tokyo;2021-08-31;346;4
Tokyo;2025-04-25;346;14
Tokyo;2024-12-11;346;26
Aarhus;2024-04-21;250;13
Aarhus;2025-12-07;250;3
Aarhus;2021-04-17;250;19
Tunis;2021-09-17;227;14
Tunis;2025-08-11;227;32
Tunis;2021-02-12;227;8
Vienna;2020-04-29;132;9
Vienna;2023-06-02;132;8
Vienna;2021-09-21;132;9
Lisbon;2024-11-17;81;19
Lisbon;2021-11-24;81;38
Lisbon;2020-03-22;81;12
Shanghai;2025-06-10;100;9
Shanghai;2021-01-07;100;16
Shanghai;2025-09-16;100;25
Hamburg;2024-08-30;63;1
Hamburg;2025-08-03;63;21
Hamburg;2021-08-11;63;14
Beijing;2021-10-20;283;3
Beijing;2024-11-21;283;7
Beijing;2022-04-11;283;30
Oslo;2020-10-29;167;3
Oslo;2022-11-25;167;1
Oslo;2023-01-08;167;47
Montreal;2020-05-07;129;35
Montreal;2021-08-26;129;11
Montreal;2020-12-05;129;19
Gothenburg;2025-06-09;205;6
Gothenburg;2021-08-12;205;1
Gothenburg;2023-07-25;205;17
Shanghai;2024-12-25;135;17
Shanghai;2025-05-26;135;14
Shanghai;2021-07-13;135;10
Vienna;2022-02-23;80;9
Vienna;2020-04-20;80;13
Vienna;2021-01-13;80;6
Osaka;2024-08-05;262;18
Osaka;2020-04-28;262;1
Osaka;2024-03-14;262;21
Bergen;2023-05-27;248;1
Bergen;2024-10-24;248;15
Bergen;2022-07-03;248;10
Montreal;2021-06-05;299;1
Montreal;2024-09-04;299;29
Montreal;2020-09-08;299;6
Edinburgh;2024-04-15;277;32
Edinburgh;2021-11-18;277;35
Edinburgh;2022-09-02;277;9
Thessaloniki;2024-11-08;295;16
Thessaloniki;2020-07-27;295;6
Thessaloniki;2022-02-04;295;5
Shanghai;2024-08-09;43;14
Shanghai;2024-11-11;43;35
Shanghai;2024-04-15;43;10
Athens;2023-04-26;328;22
Athens;2023-01-14;328;12
Athens;2020-01-22;328;29
Split;2024-10-03;182;29
Split;2020-09-08;182;4
Split;2021-03-16;182;2
Nice;2024-11-28;255;1
Nice;2022-03-24;255;9
Nice;2023-06-12;255;19
Zurich;2020-11-01;382;1
Zurich;2020-03-20;382;12
Zurich;2024-10-11;382;1
Oslo;2024-04-06;325;5
Oslo;2023-05-02;325;11
Oslo;2021-04-30;325;17
Copenhagen;2020-03-15;259;5
Copenhagen;2024-10-20;259;16
Copenhagen;2024-09-20;259;18
Copenhagen;2024-01-17;332;31
Copenhagen;2022-03-08;332;8
Copenhagen;2025-11-06;332;7
Toronto;2023-09-27;148;7
Toronto;2021-05-23;148;14
Toronto;2025-06-16;148;28
Paris;2020-02-12;215;15
Paris;2025-10-16;215;42
Paris;2021-06-28;215;4
Akureyri;2022-08-15;120;26
Akureyri;2022-07-16;120;7
Akureyri;2024-05-11;120;4
Toronto;2020-11-07;387;35
Toronto;2025-10-23;387;5
Toronto;2025-02-19;387;12
Athens;2023-09-05;297;30
Athens;2025-07-14;297;5
Athens;2025-12-13;297;18
Porto;2024-08-19;193;4
Porto;2024-08-13;193;9
Porto;2022-11-08;193;1
Osaka;2021-01-06;74;11
Osaka;2024-09-03;74;8
Osaka;2021-04-27;74;7
Istanbul;2025-11-21;48;4
Istanbul;2025-08-12;48;7
Istanbul;2023-10-22;48;13
Rome;2022-07-16;126;30
Rome;2024-05-27;126;28
Rome;2025-09-11;126;11
Hurghada;2022-05-21;86;5
Hurghada;2021-03-06;86;19
Hurghada;2025-03-04;86;2
Casablanca;2024-11-27;282;12
Casablanca;2020-03-09;282;2
Casablanca;2024-06-21;282;2
Osaka;2024-08-06;91;10
Osaka;2023-11-29;91;5
Osaka;2020-03-29;91;6
Dublin;2025-12-09;291;9
Dublin;2020-09-10;291;28
Dublin;2023-02-23;291;3
Rome;2023-06-24;397;5
Rome;2025-04-14;397;16
Rome;2022-10-15;397;8
Gdansk;2020-12-17;64;16
Gdansk;2021-12-06;64;10
Gdansk;2020-04-22;64;40
Akureyri;2022-06-08;44;27
Akureyri;2024-12-06;44;38
Akureyri;2020-03-14;44;34
Gothenburg;2025-11-24;181;17
Gothenburg;2024-12-30;181;22
Gothenburg;2023-08-20;181;8
Istanbul;2020-09-14;312;13
Istanbul;2022-02-02;312;20
Istanbul;2022-08-26;312;21
Dubrovnik;2024-01-23;183;1
Dubrovnik;2023-11-07;183;40
Dubrovnik;2020-04-23;183;4
Milan;2025-05-17;336;35
Milan;2022-01-01;336;17
Milan;2025-04-23;336;3
Manchester;2024-11-15;273;16
Manchester;2024-08-05;273;10
Manchester;2021-02-09;273;29
Marrakesh;2025-10-30;166;10
Marrakesh;2024-08-12;166;17
Marrakesh;2020-07-17;166;43
Hurghada;2020-08-30;322;20
Hurghada;2024-03-22;322;7
Hurghada;2020-03-02;322;17
Krakow;2025-07-05;87;7
Krakow;2021-04-16;87;3
Krakow;2025-04-05;87;19
Paris;2023-01-11;279;7
Paris;2020-10-24;279;14
Paris;2023-11-06;279;9
Ostrava;2022-05-21;138;32
Ostrava;2024-03-05;138;2
Ostrava;2022-11-07;138;21
Manchester;2020-04-05;351;5
Manchester;2021-12-14;351;1
Manchester;2023-07-23;351;9
Rotterdam;2021-03-29;362;9
Rotterdam;2021-05-18;362;15
Rotterdam;2022-08-20;362;23
Cairo;2020-11-02;72;18
Cairo;2025-03-13;72;4
Cairo;2024-04-24;72;3
Thessaloniki;2021-10-30;174;3
Thessaloniki;2025-09-23;174;38
Thessaloniki;2020-02-22;174;3
Hurghada;2023-04-24;61;9
Hurghada;2025-12-03;61;10
Hurghada;2025-05-31;61;13
Milan;2025-11-13;162;12
Milan;2025-11-19;162;22
Milan;2023-08-30;162;7
Aarhus;2022-07-08;55;36
Aarhus;2024-05-01;55;20
Aarhus;2024-06-08;55;4
Tunis;2025-06-03;125;2
Tunis;2022-10-24;125;1
Tunis;2022-08-30;125;6
Casablanca;2025-08-17;125;43
Casablanca;2022-10-07;125;9
Casablanca;2021-09-10;125;2
London;2024-04-19;270;14
London;2022-03-03;270;31
London;2020-09-27;270;13
Toronto;2024-02-11;376;23
Toronto;2021-01-21;376;8
Toronto;2025-08-22;376;1
Akureyri;2020-10-29;180;13
Akureyri;2022-08-06;180;22
Akureyri;2024-05-01;180;2
Manchester;2020-02-26;107;23
Manchester;2021-06-29;107;26
Manchester;2020-02-18;107;14
Salzburg;2022-03-05;269;6
Salzburg;2024-01-21;269;8
Salzburg;2022-09-23;269;12
Miami;2020-02-19;74;31
Miami;2021-03-14;74;2
Miami;2023-02-23;74;20
Osaka;2025-08-07;202;12
Osaka;2025-05-26;202;28
Osaka;2022-12-06;202;17
Burgas;2025-09-14;156;25
Burgas;2025-12-05;156;13
Burgas;2021-02-02;156;2
Ostrava;2022-05-21;390;1
Ostrava;2025-04-25;390;35
Ostrava;2025-06-25;390;4
Prague;2025-05-17;97;14
Prague;2024-07-31;97;11
Prague;2024-04-06;97;11
Hurghada;2024-01-09;96;4
Hurghada;2023-12-24;96;33
Hurghada;2024-09-20;96;27
Barcelona;2024-04-30;229;13
Barcelona;2023-05-28;229;36
Barcelona;2022-11-29;229;13
Sydney;2024-11-24;248;13
Sydney;2020-09-15;248;12
Sydney;2024-05-19;248;10
Reykjavik;2024-07-09;60;13
Reykjavik;2024-11-05;60;1
Reykjavik;2022-07-08;60;5
Rotterdam;2020-10-30;253;4
Rotterdam;2021-12-22;253;39
Rotterdam;2024-05-11;253;11
Milan;2021-10-30;366;8
Milan;2023-11-22;366;22
Milan;2020-01-28;366;9
Gothenburg;2020-02-08;333;12
Gothenburg;2020-02-07;333;22
Gothenburg;2021-01-19;333;10
Vienna;2020-02-25;91;11
Vienna;2020-07-04;91;40
Vienna;2023-09-03;91;2
Lisbon;2024-12-12;362;10
Lisbon;2020-07-20;362;7
Lisbon;2023-04-09;362;1
Osaka;2021-12-20;190;16
Osaka;2025-03-27;190;3
Osaka;2020-01-17;190;14
Reykjavik;2025-08-14;250;13
Reykjavik;2021-12-27;250;32
Reykjavik;2025-09-24;250;2
Barcelona;2025-08-24;77;21
Barcelona;2023-08-13;77;49
Barcelona;2023-05-14;77;28
Gothenburg;2023-07-13;389;6
Gothenburg;2022-09-27;389;30
Gothenburg;2021-07-24;389;9
Rotterdam;2021-09-17;239;7
Rotterdam;2025-09-30;239;30
Rotterdam;2022-11-02;239;30
Porto;2023-12-03;147;11
Porto;2023-03-21;147;10
Porto;2024-10-25;147;14
Zurich;2020-01-02;154;15
Zurich;2025-05-02;154;31
Zurich;2024-01-12;154;17
Amsterdam;2025-04-08;280;27
Amsterdam;2025-04-09;280;9
Amsterdam;2020-06-03;280;32
Nice;2023-12-13;194;8
Nice;2024-09-22;194;8
Nice;2022-01-03;194;23
Rome;2025-05-14;377;8
Rome;2023-05-09;377;22
Rome;2022-05-27;377;6
Prague;2021-06-25;352;5
Prague;2020-02-27;352;7
Prague;2025-07-27;352;7
Rotterdam;2021-03-14;248;27
Rotterdam;2022-08-15;248;3
Rotterdam;2023-08-19;248;8
Manchester;2022-01-09;61;1
Manchester;2021-12-22;61;27
Manchester;2025-07-09;61;38
Hammamet;2021-02-18;122;13
Hammamet;2020-08-13;122;1
Hammamet;2022-04-23;122;10
Zurich;2021-04-14;104;14
Zurich;2022-12-14;104;12
Zurich;2020-04-21;104;8
Los Angeles;2022-02-08;128;8
Los Angeles;2022-03-14;128;14
Los Angeles;2022-07-13;128;1
Paris;2024-06-11;182;6
Paris;2025-03-11;182;44
Paris;2025-02-15;182;24
Paris;2022-03-11;387;27
Paris;2022-06-20;387;30
Paris;2024-07-05;387;1
Sydney;2024-01-21;279;10
Sydney;2023-10-01;279;2
Sydney;2020-03-14;279;21
Cairo;2021-08-31;340;9
Cairo;2022-05-10;340;6
Cairo;2021-11-05;340;9
Reykjavik;2022-05-28;226;11
Reykjavik;2023-05-22;226;30
Reykjavik;2020-01-24;226;22
Salzburg;2022-05-02;300;3
Salzburg;2020-09-25;300;17
Salzburg;2023-06-28;300;8
Vienna;2021-12-27;300;12
Vienna;2023-01-12;300;1
Vienna;2022-05-19;300;8
Rotterdam;2021-12-16;378;1
Rotterdam;2021-08-20;378;2
Rotterdam;2021-10-18;378;16
Montreal;2023-11-20;74;27
Montreal;2020-08-26;74;40
Montreal;2022-07-19;74;16
Hurghada;2020-09-03;193;8
Hurghada;2025-02-13;193;4
Hurghada;2023-12-07;193;14
Stockholm;2025-01-20;82;17
Stockholm;2020-08-27;82;11
Stockholm;2022-06-15;82;20
Barcelona;2024-05-15;170;11
Barcelona;2022-01-19;170;7
Barcelona;2024-12-02;170;1
Prague;2021-01-21;385;19
Prague;2024-04-30;385;13
Prague;2023-06-24;385;23
Montreal;2025-02-17;54;5
Montreal;2020-04-26;54;23
Montreal;2021-09-18;54;8
Prague;2020-12-31;372;10
Prague;2025-03-31;372;2
Prague;2020-12-25;372;2
Melbourne;2021-11-15;144;18
Melbourne;2020-05-12;144;43
Melbourne;2023-11-05;144;5
Geneva;2022-09-20;135;11
Geneva;2024-12-07;135;27
Geneva;2021-09-03;135;1
Lyon;2021-07-19;257;24
Lyon;2022-03-15;257;15
Lyon;2022-07-08;257;14
Lisbon;2025-12-09;75;34
Lisbon;2020-10-30;75;9
Lisbon;2023-03-31;75;13
Venice;2023-05-26;355;16
Venice;2021-12-06;355;28
Venice;2023-07-23;355;18
Rotterdam;2025-05-28;296;4
Rotterdam;2020-05-15;296;5
Rotterdam;2022-04-20;296;2
Nice;2021-04-23;344;37
Nice;2024-08-10;344;25
Nice;2025-06-16;344;1
Thessaloniki;2021-10-05;99;21
Thessaloniki;2023-09-23;99;32
Thessaloniki;2023-02-14;99;23
Delhi;2025-04-08;315;22
Delhi;2022-04-13;315;20
Delhi;2024-04-20;315;18
Hamburg;2020-08-30;128;5
Hamburg;2020-04-18;128;3
Hamburg;2024-02-07;128;12
Cork;2021-10-20;336;32
Cork;2020-03-26;336;16
Cork;2025-01-06;336;42
Mumbai;2025-12-28;295;4
Mumbai;2024-07-22;295;3
Mumbai;2022-07-23;295;8
Edinburgh;2022-04-05;122;4
Edinburgh;2023-08-12;122;24
Edinburgh;2020-09-05;122;9
Brussels;2020-12-18;231;12
Brussels;2020-10-22;231;12
Brussels;2021-03-10;231;11
London;2023-11-04;302;30
London;2021-03-01;302;10
London;2024-02-18;302;15
Split;2025-09-26;370;13
Split;2024-03-05;370;8
Split;2023-05-28;370;12
Casablanca;2021-06-13;354;14
Casablanca;2023-01-22;354;9
Casablanca;2024-04-05;354;34
Lyon;2020-01-15;43;10
Lyon;2020-12-01;43;13
Lyon;2025-05-29;43;15
Barcelona;2024-03-30;271;6
Barcelona;2023-05-16;271;1
Barcelona;2022-01-01;271;5
Thessaloniki;2023-12-17;188;3
Thessaloniki;2021-01-16;188;36
Thessaloniki;2023-04-10;188;23
Gothenburg;2022-07-28;386;21
Gothenburg;2023-12-03;386;2
Gothenburg;2025-09-04;386;10
Valencia;2024-01-27;287;31
Valencia;2024-05-03;287;22
Valencia;2024-06-15;287;2
Porto;2023-09-23;286;16
Porto;2023-02-05;286;3
Porto;2023-08-23;286;16
Reykjavik;2022-11-01;202;10
Reykjavik;2021-03-25;202;4
Reykjavik;2024-03-17;202;2
Rome;2021-03-22;256;10
Rome;2024-01-10;256;8
Rome;2021-09-12;256;14
Vienna;2022-06-29;60;15
Vienna;2021-11-25;60;7
Vienna;2023-05-07;60;29
Antwerp;2021-07-28;170;38
Antwerp;2020-01-31;170;20
Antwerp;2022-05-30;170;4
Osaka;2023-03-10;354;2
Osaka;2020-07-21;354;7
Osaka;2023-07-13;354;43
Antalya;2021-06-01;399;3
Antalya;2022-12-09;399;12
Antalya;2020-10-30;399;3
Copenhagen;2020-06-18;123;1
Copenhagen;2024-12-28;123;29
Copenhagen;2025-06-20;123;31
Dublin;2021-02-05;215;2
Dublin;2022-02-06;215;19
Dublin;2020-10-06;215;23
Antwerp;2020-11-23;359;5
Antwerp;2021-02-22;359;15
Antwerp;2022-10-25;359;41
Paris;2022-06-02;393;13
Paris;2022-07-12;393;4
Paris;2021-04-13;393;2
Delhi;2024-03-08;361;3
Delhi;2020-02-02;361;10
Delhi;2022-05-09;361;4
Munich;2022-10-23;128;5
Munich;2023-01-03;128;19
Munich;2025-11-25;128;4
Cairo;2020-05-12;269;15
Cairo;2024-08-03;269;23
Cairo;2022-08-14;269;18
Rome;2021-09-17;201;9
Rome;2023-01-09;201;15
Rome;2025-03-04;201;2
Hammamet;2025-08-02;337;21
Hammamet;2022-11-05;337;5
Hammamet;2024-08-03;337;6
Porto;2023-12-07;236;22
Porto;2024-10-04;236;2
Porto;2025-05-05;236;3
Venice;2020-10-19;44;1
Venice;2020-01-14;44;16
Venice;2021-06-16;44;21
Copenhagen;2023-12-27;226;18
Copenhagen;2024-07-30;226;28
Copenhagen;2021-02-25;226;8
Hamburg;2025-05-02;69;31
Hamburg;2023-02-27;69;14
Hamburg;2024-01-26;69;21
Montreal;2022-07-27;277;7
Montreal;2024-09-03;277;6
Montreal;2020-05-30;277;45
Porto;2024-01-21;237;10
Porto;2025-04-26;237;13
Porto;2025-05-20;237;2
Montreal;2020-03-29;59;6
Montreal;2024-11-10;59;17
Montreal;2025-08-29;59;4
Zurich;2025-07-21;253;33
Zurich;2021-08-14;253;35
Zurich;2020-02-19;253;7
Aarhus;2020-03-23;73;7
Aarhus;2025-05-14;73;24
Aarhus;2023-09-26;73;25
Toronto;2023-01-08;135;29
Toronto;2023-11-13;135;7
Toronto;2023-08-16;135;18
Madrid;2021-10-13;91;5
Madrid;2021-12-02;91;8
Madrid;2020-12-30;91;1
Paris;2024-11-03;217;4
Paris;2020-10-19;217;20
Paris;2023-06-16;217;1
Marrakesh;2024-12-03;357;14
Marrakesh;2024-05-16;357;15
Marrakesh;2021-06-12;357;15
Marrakesh;2022-05-21;299;5
Marrakesh;2023-06-10;299;15
Marrakesh;2020-06-03;299;17
Valencia;2020-01-20;320;27
Valencia;2022-07-07;320;8
Valencia;2020-12-02;320;15
Vienna;2020-02-07;180;5
Vienna;2024-07-08;180;7
Vienna;2021-12-14;180;9
Munich;2025-06-06;200;5
Munich;2023-10-07;200;4
Munich;2020-05-16;200;33
Marrakesh;2023-03-29;222;1
Marrakesh;2022-07-31;222;20
Marrakesh;2021-01-06;222;16
Krakow;2024-02-23;321;4
Krakow;2025-02-11;321;31
Krakow;2020-06-05;321;6
Milan;2024-06-05;160;35
Milan;2020-03-30;160;30
Milan;2021-08-13;160;28
Tokyo;2020-10-18;145;23
Tokyo;2025-01-04;145;37
Tokyo;2023-01-04;145;15
Tokyo;2024-03-08;122;1
Tokyo;2025-09-01;122;8
Tokyo;2021-04-20;122;7
Mumbai;2020-04-07;364;26
Mumbai;2024-01-22;364;5
Mumbai;2024-08-14;364;3
Beijing;2022-05-24;127;17
Beijing;2023-07-02;127;11
Beijing;2024-11-16;127;29
Milan;2025-06-24;370;30
Milan;2023-08-03;370;12
Milan;2022-11-27;370;14
Hurghada;2025-04-22;208;5
Hurghada;2023-08-07;208;16
Hurghada;2023-12-29;208;22
Reykjavik;2021-12-10;282;45
Reykjavik;2021-01-19;282;2
Reykjavik;2022-09-08;282;7
Melbourne;2022-09-23;65;7
Melbourne;2020-04-16;65;21
Melbourne;2022-01-30;65;18
Lyon;2024-01-15;203;3
Lyon;2024-08-30;203;21
Lyon;2022-03-05;203;4
Beijing;2023-04-17;360;28
Beijing;2022-08-21;360;25
Beijing;2025-05-23;360;46
Miami;2021-10-12;343;15
Miami;2024-02-20;343;20
Miami;2021-10-29;343;2
Cairo;2024-09-23;306;4
Cairo;2024-11-09;306;12
Cairo;2023-10-03;306;28
Valencia;2020-01-25;155;16
Valencia;2021-10-01;155;27
Valencia;2023-06-20;155;44
New York;2023-07-22;187;6
New York;2021-08-23;187;6
New York;2020-06-14;187;7
Beijing;2025-08-26;203;22
Beijing;2025-09-12;203;16
Beijing;2024-06-04;203;10
Athens;2020-02-12;236;15
Athens;2023-11-28;236;9
Athens;2023-10-01;236;17
Cork;2024-04-12;273;1
Cork;2022-11-08;273;19
Cork;2025-11-20;273;18
Ostrava;2020-06-22;215;5
Ostrava;2024-12-20;215;6
Ostrava;2021-07-18;215;10
Barcelona;2023-08-09;145;14
Barcelona;2020-08-16;145;30
Barcelona;2024-12-04;145;7
Munich;2021-12-08;200;16
Munich;2022-07-08;200;16
Munich;2021-03-19;200;19
Hamburg;2023-06-08;73;5
Hamburg;2025-10-01;73;1
Hamburg;2022-11-08;73;7
Hammamet;2023-12-10;296;1
Hammamet;2020-10-02;296;4
Hammamet;2023-08-23;296;32
Zurich;2024-01-25;302;15
Zurich;2021-01-25;302;26
Zurich;2025-05-14;302;8
Cairo;2024-11-27;379;13
Cairo;2024-07-27;379;17
Cairo;2024-08-23;379;47
Geneva;2021-07-10;150;9
Geneva;2024-12-13;150;7
Geneva;2023-03-16;150;11
Stockholm;2023-01-11;50;20
Stockholm;2024-06-23;50;2
Stockholm;2020-02-05;50;12
Geneva;2024-12-13;187;6
Geneva;2021-07-23;187;11
Geneva;2020-08-09;187;12
Melbourne;2022-06-08;198;5
Melbourne;2022-12-30;198;3
Melbourne;2025-05-09;198;33
Copenhagen;2025-06-27;137;27
Copenhagen;2021-06-18;137;17
Copenhagen;2021-08-19;137;19
Aarhus;2023-03-18;111;26
Aarhus;2020-09-17;111;15
Aarhus;2020-12-31;111;3
Casablanca;2022-02-12;259;22
Casablanca;2025-06-16;259;26
Casablanca;2023-11-19;259;24
Zurich;2020-08-19;328;26
Zurich;2020-11-17;328;17
Zurich;2023-10-24;328;8
Berlin;2023-01-03;395;24
Berlin;2023-12-30;395;17
Berlin;2023-10-15;395;13
Split;2025-12-31;235;6
Split;2025-04-26;235;22
Split;2022-07-06;235;31
Salzburg;2025-05-20;241;21
Salzburg;2025-08-02;241;15
Salzburg;2024-07-30;241;3
Rotterdam;2020-05-12;341;27
Rotterdam;2023-08-03;341;20
Rotterdam;2021-01-03;341;7
Mumbai;2025-10-17;174;5
Mumbai;2020-10-31;174;3
Mumbai;2025-08-05;174;4
Mumbai;2021-10-31;182;7
Mumbai;2025-12-19;182;35
Mumbai;2022-08-13;182;25
Burgas;2020-06-23;122;12
Burgas;2025-04-15;122;35
Burgas;2025-11-24;122;3
Hurghada;2022-10-04;54;11
Hurghada;2025-09-18;54;32
Hurghada;2021-05-04;54;27
Marrakesh;2025-01-04;238;2
Marrakesh;2023-01-15;238;7
Marrakesh;2023-12-18;238;15
Vienna;2022-04-25;51;24
Vienna;2020-02-13;51;11
Vienna;2022-04-07;51;18
Nice;2024-11-26;257;12
Nice;2020-11-26;257;26
Nice;2024-07-23;257;7
Athens;2020-01-08;395;4
Athens;2020-07-28;395;43
Athens;2023-05-29;395;42
Rome;2022-09-19;377;20
Rome;2022-11-18;377;4
Rome;2021-03-06;377;16
Mumbai;2025-12-07;280;14
Mumbai;2022-09-02;280;36
Mumbai;2024-12-31;280;38
Brussels;2025-08-19;226;8
Brussels;2025-07-12;226;5
Brussels;2025-08-18;226;1
Valencia;2021-06-13;343;10
Valencia;2023-08-11;343;18
Valencia;2021-09-21;343;26
Berlin;2024-04-18;371;8
Berlin;2023-12-26;371;28
Berlin;2025-06-22;371;9
Dubrovnik;2024-08-11;69;6
Dubrovnik;2020-03-16;69;38
Dubrovnik;2021-08-17;69;2
Reykjavik;2023-04-01;381;9
Reykjavik;2024-06-27;381;3
Reykjavik;2022-12-21;381;17
Beijing;2022-05-03;201;5
Beijing;2023-10-18;201;29
Beijing;2023-03-03;201;9
Split;2022-04-10;170;7
Split;2023-01-08;170;33
Split;2024-09-20;170;20
Antalya;2021-06-28;314;24
Antalya;2020-01-16;314;17
Antalya;2021-02-18;314;30
Osaka;2023-11-05;293;2
Osaka;2024-09-28;293;31
Osaka;2021-03-18;293;7
Warsaw;2025-09-23;375;32
Warsaw;2024-10-07;375;3
Warsaw;2024-08-25;375;3
Lyon;2020-02-10;354;5
Lyon;2024-11-21;354;5
Lyon;2023-03-19;354;40
Marrakesh;2023-10-04;278;10
Marrakesh;2025-06-19;278;46
Marrakesh;2020-03-27;278;4
Ostrava;2023-07-27;391;34
Ostrava;2022-01-24;391;30
Ostrava;2022-01-11;391;28
Ostrava;2023-06-06;322;45
Ostrava;2024-05-08;322;42
Ostrava;2021-01-28;322;5
Casablanca;2025-09-16;354;14
Casablanca;2020-09-13;354;15
Casablanca;2021-04-03;354;11
Copenhagen;2023-02-19;116;7
Copenhagen;2022-10-11;116;24
Copenhagen;2024-09-02;116;11
Amsterdam;2020-06-27;212;21
Amsterdam;2023-04-25;212;17
Amsterdam;2024-09-18;212;10
Shanghai;2023-09-30;219;5
Shanghai;2024-03-26;219;6
Shanghai;2024-09-30;219;14
Miami;2020-04-14;115;24
Miami;2023-02-19;115;2
Miami;2025-09-28;115;36
Shanghai;2023-02-08;123;11
Shanghai;2024-04-07;123;4
Shanghai;2021-05-29;123;23
Split;2023-03-13;46;28
Split;2021-03-19;46;10
Split;2022-06-18;46;20
Hammamet;2025-05-13;93;7
Hammamet;2021-02-04;93;33
Hammamet;2024-08-20;93;5
Hamburg;2025-02-18;324;16
Hamburg;2021-07-04;324;28
Hamburg;2025-03-10;324;23
Hamburg;2022-09-17;244;12
Hamburg;2021-08-29;244;18
Hamburg;2024-07-26;244;8
Cork;2024-06-26;278;36
Cork;2020-07-23;278;40
Cork;2025-04-26;278;11
Tunis;2021-10-10;282;1
Tunis;2023-02-16;282;43
Tunis;2021-11-22;282;1
Oslo;2022-10-30;326;18
Oslo;2020-01-27;326;6
Oslo;2022-11-23;326;1
Istanbul;2023-10-09;219;10
Istanbul;2022-09-13;219;7
Istanbul;2024-06-11;219;10
Ostrava;2022-04-24;374;1
Ostrava;2024-12-29;374;34
Ostrava;2024-10-02;374;25
Montreal;2022-01-11;341;15
Montreal;2020-07-16;341;6
Montreal;2024-01-14;341;5
Barcelona;2024-10-16;360;3
Barcelona;2020-12-13;360;10
Barcelona;2022-04-27;360;25
Delhi;2021-06-24;62;4
Delhi;2021-05-21;62;6
Delhi;2021-09-28;62;29
Marrakesh;2023-07-21;174;14
Marrakesh;2024-12-11;174;39
Marrakesh;2022-06-15;174;7
Bergen;2022-02-05;63;4
Bergen;2021-12-24;63;4
Bergen;2022-03-05;63;28
Mumbai;2020-01-11;82;5
Mumbai;2020-09-10;82;22
Mumbai;2025-05-31;82;4
Ostrava;2023-03-04;147;5
Ostrava;2023-12-02;147;8
Ostrava;2022-06-12;147;39
Rome;2022-01-21;289;1
Rome;2025-10-19;289;5
Rome;2020-06-21;289;5
Lisbon;2022-08-26;244;3
Lisbon;2023-03-19;244;4
Lisbon;2025-04-10;244;32
Gdansk;2022-03-31;114;6
Gdansk;2025-04-18;114;25
Gdansk;2024-06-01;114;6
Antalya;2022-12-17;279;33
Antalya;2023-03-31;279;12
Antalya;2021-02-10;279;7
Montreal;2020-08-06;400;28
Montreal;2022-03-23;400;15
Montreal;2025-05-18;400;28
London;2025-06-28;398;19
London;2023-10-11;398;37
London;2025-12-09;398;12
Lyon;2020-06-15;56;4
Lyon;2021-11-30;56;1
Lyon;2024-08-22;56;1
Bergen;2022-03-23;152;6
Bergen;2024-08-03;152;30
Bergen;2024-09-25;152;6
Marrakesh;2025-03-02;119;7
Marrakesh;2023-12-11;119;28
Marrakesh;2022-07-09;119;26
Cork;2020-12-28;351;3
Cork;2025-06-04;351;10
Cork;2020-01-29;351;2
Thessaloniki;2024-10-18;311;11
Thessaloniki;2023-09-18;311;2
Thessaloniki;2025-08-29;311;13
Montreal;2020-02-03;201;23
Montreal;2022-01-20;201;5
Montreal;2022-04-21;201;4
Cairo;2021-01-29;342;17
Cairo;2022-02-14;342;6
Cairo;2020-05-03;342;5
Antalya;2021-03-14;400;5
Antalya;2025-10-30;400;6
Antalya;2025-06-28;400;30
Gdansk;2022-07-27;148;49
Gdansk;2020-09-19;148;15
Gdansk;2023-11-01;148;10
Bergen;2020-03-07;85;41
Bergen;2023-03-20;85;6
Bergen;2021-03-07;85;21
Paris;2020-05-22;395;4
Paris;2024-10-16;395;4
Paris;2022-09-10;395;41
Toronto;2022-03-24;98;5
Toronto;2021-07-30;98;4
Toronto;2023-03-05;98;33
Barcelona;2024-01-04;195;10
Barcelona;2020-09-13;195;29
Barcelona;2024-03-15;195;2
Sydney;2020-11-09;62;19
Sydney;2023-09-12;62;11
Sydney;2021-02-27;62;40
Paris;2024-12-08;389;33
Paris;2025-10-10;389;30
Paris;2023-08-31;389;18
Hamburg;2021-01-17;258;15
Hamburg;2025-12-03;258;21
Hamburg;2022-01-09;258;11
Munich;2025-12-16;226;31
Munich;2022-08-17;226;5
Munich;2021-01-20;226;15
Cairo;2023-07-13;315;13
Cairo;2020-11-30;315;46
Cairo;2025-03-03;315;9
Mumbai;2020-01-21;235;3
Mumbai;2025-09-28;235;16
Mumbai;2021-07-21;235;8
Hamburg;2022-07-17;233;17
Hamburg;2023-10-29;233;11
Hamburg;2021-02-23;233;6
Burgas;2024-09-27;180;7
Burgas;2022-10-20;180;11
Burgas;2024-09-03;180;39
Cairo;2024-01-28;349;22
Cairo;2025-01-14;349;6
Cairo;2023-08-26;349;36
Venice;2023-05-08;212;25
Venice;2025-11-30;212;9
Venice;2024-11-09;212;5
Lisbon;2025-05-31;332;3
Lisbon;2024-02-11;332;3
Lisbon;2024-12-26;332;20
Venice;2022-03-03;283;13
Venice;2025-01-12;283;20
Venice;2022-09-16;283;20
Dubrovnik;2025-08-27;200;13
Dubrovnik;2022-01-24;200;11
Dubrovnik;2022-03-29;200;34
Mumbai;2022-01-21;252;42
Mumbai;2021-11-03;252;28
Mumbai;2024-11-26;252;24
Amsterdam;2021-09-11;212;24
Amsterdam;2024-10-12;212;3
Amsterdam;2021-03-22;212;11
Salzburg;2021-09-23;225;7
Salzburg;2020-03-30;225;9
Salzburg;2023-06-03;225;3
Krakow;2025-10-16;255;7
Krakow;2022-06-28;255;13
Krakow;2021-11-08;255;17
Montreal;2024-04-05;312;22
Montreal;2023-05-31;312;40
Montreal;2022-07-30;312;39
Delhi;2023-10-19;125;10
Delhi;2021-08-21;125;12
Delhi;2022-06-07;125;2
Munich;2021-04-07;140;3
Munich;2023-03-26;140;12
Munich;2021-06-21;140;47
Antalya;2024-04-04;238;15
Antalya;2024-08-29;238;10
Antalya;2024-02-15;238;15
Amsterdam;2022-10-29;224;4
Amsterdam;2021-02-24;224;13
Amsterdam;2020-03-24;224;13
Athens;2025-10-02;192;8
Athens;2020-08-11;192;7
Athens;2020-12-23;192;13
Manchester;2022-12-06;96;33
Manchester;2024-01-15;96;14
Manchester;2025-01-26;96;7
Salzburg;2022-04-02;257;3
Salzburg;2024-09-13;257;4
Salzburg;2025-06-10;257;8
Gdansk;2022-06-13;248;9
Gdansk;2025-09-10;248;34
Gdansk;2022-04-28;248;10
Burgas;2023-01-15;386;6
Burgas;2024-10-05;386;8
Burgas;2021-12-09;386;10
Thessaloniki;2020-09-22;153;3
Thessaloniki;2023-08-29;153;7
Thessaloniki;2021-04-23;153;3
Cork;2020-05-04;131;14
Cork;2020-05-24;131;26
Cork;2020-02-16;131;12
Sydney;2023-04-28;271;4
Sydney;2022-03-07;271;12
Sydney;2025-06-01;271;1
Osaka;2025-09-11;219;2
Osaka;2021-02-17;219;6
Osaka;2022-04-22;219;9
Berlin;2024-07-17;257;10
Berlin;2023-11-02;257;9
Berlin;2024-06-10;257;15
Burgas;2024-02-12;251;1
Burgas;2024-08-03;251;1
Burgas;2024-09-05;251;14
Salzburg;2025-04-02;379;9
Salzburg;2020-10-25;379;14
Salzburg;2025-11-10;379;19
Vienna;2023-04-14;103;10
Vienna;2025-04-20;103;4
Vienna;2024-03-24;103;7
Paris;2020-12-04;122;40
Paris;2022-12-24;122;5
Paris;2020-12-24;122;32
Athens;2024-11-14;79;35
Athens;2020-05-17;79;17
Athens;2025-11-14;79;8
Antwerp;2022-11-01;264;10
Antwerp;2022-06-05;264;1
Antwerp;2023-01-15;264;23
Gdansk;2025-01-17;230;27
Gdansk;2020-03-14;230;3
Gdansk;2023-08-06;230;12
Melbourne;2023-03-10;238;34
Melbourne;2021-10-20;238;17
Melbourne;2024-09-17;238;36
Venice;2021-07-01;150;25
Venice;2024-12-09;150;2
Venice;2022-12-15;150;25
Split;2023-09-18;371;5
Split;2021-11-30;371;6
Split;2021-09-29;371;12
Paris;2024-08-08;183;47
Paris;2020-09-07;183;21
Paris;2022-07-16;183;19
Porto;2020-09-08;322;5
Porto;2022-11-04;322;12
Porto;2022-12-24;322;3
Warsaw;2021-04-01;195;6
Warsaw;2023-07-23;195;8
Warsaw;2025-07-28;195;12
Burgas;2024-07-20;269;3
Burgas;2023-03-07;269;3
Burgas;2022-03-13;269;7
Rome;2023-07-15;300;13
Rome;2025-11-05;300;6
Rome;2021-12-06;300;9
Thessaloniki;2023-07-17;277;18
Thessaloniki;2024-02-26;277;9
Thessaloniki;2025-01-29;277;13
Casablanca;2023-09-08;58;3
Casablanca;2023-07-29;58;7
Casablanca;2021-04-12;58;22
Zurich;2022-12-15;397;4
Zurich;2022-03-24;397;28
Zurich;2025-07-11;397;12
Miami;2024-12-02;295;13
Miami;2024-07-26;295;12
Miami;2020-05-20;295;12
Hammamet;2023-03-09;287;12
Hammamet;2021-04-13;287;9
Hammamet;2024-09-02;287;28
Bergen;2022-11-12;266;14
Bergen;2022-02-14;266;12
Bergen;2024-08-21;266;10
Cork;2021-06-16;153;7
Cork;2021-03-20;153;11
Cork;2023-03-19;153;19
Tokyo;2020-05-08;122;15
Tokyo;2020-09-10;122;14
Tokyo;2021-09-20;122;45
Geneva;2023-01-22;198;12
Geneva;2021-10-21;198;1
Geneva;2022-12-07;198;40
Melbourne;2021-01-31;286;18
Melbourne;2024-01-03;286;1
Melbourne;2020-04-02;286;26
Miami;2020-03-29;60;5
Miami;2023-11-01;60;3
Miami;2020-07-13;60;5
Marrakesh;2022-09-09;78;29
Marrakesh;2024-10-03;78;3
Marrakesh;2020-06-10;78;16
Miami;2020-10-22;170;12
Miami;2023-10-02;170;25
Miami;2025-01-26;170;1
Barcelona;2021-06-18;96;2
Barcelona;2020-10-16;96;15
Barcelona;2024-12-22;96;12
Madrid;2025-12-30;200;5
Madrid;2020-01-03;200;5
Madrid;2022-02-18;200;12
Warsaw;2025-04-13;138;11
Warsaw;2025-12-17;138;18
Warsaw;2023-02-08;138;8
Cairo;2022-06-27;185;3
Cairo;2025-05-01;185;17
Cairo;2025-08-16;185;9
Osaka;2020-07-08;169;9
Osaka;2024-05-04;169;6
Osaka;2021-01-29;169;4
Antwerp;2022-07-30;48;19
Antwerp;2023-04-12;48;13
Antwerp;2020-12-20;48;2
Nice;2022-01-10;261;29
Nice;2020-03-28;261;6
Nice;2025-04-29;261;3
Antwerp;2024-12-20;264;21
Antwerp;2025-09-25;264;23
Antwerp;2020-12-15;264;18
Osaka;2020-05-15;244;5
Osaka;2021-04-25;244;3
Osaka;2022-03-10;244;12
Aarhus;2025-07-04;197;33
Aarhus;2025-08-13;197;1
Aarhus;2021-09-11;197;26
Venice;2024-10-18;310;16
Venice;2020-06-05;310;2
Venice;2021-06-10;310;9
Zurich;2024-07-07;340;3
Zurich;2025-06-13;340;36
Zurich;2020-04-21;340;6
Delhi;2020-12-13;186;3
Delhi;2025-09-05;186;31
Delhi;2022-05-15;186;14
Toronto;2024-01-10;244;27
Toronto;2020-05-01;244;5
Toronto;2023-07-04;244;21
Shanghai;2020-08-12;205;5
Shanghai;2023-10-04;205;30
Shanghai;2023-05-01;205;34
Bergen;2024-09-24;331;9
Bergen;2022-10-02;331;21
Bergen;2025-12-11;331;12
Edinburgh;2023-04-05;122;28
Edinburgh;2025-11-26;122;14
Edinburgh;2023-07-13;122;8
Casablanca;2020-08-29;50;10
Casablanca;2021-04-12;50;6
Casablanca;2025-12-09;50;11
Krakow;2021-01-30;180;23
Krakow;2020-08-28;180;10
Krakow;2022-06-26;180;3
Reykjavik;2022-05-24;68;21
Reykjavik;2025-01-29;68;18
Reykjavik;2022-11-21;68;20
Sofia;2023-03-25;179;18
Sofia;2021-03-17;179;17
Sofia;2025-11-04;179;11
Rotterdam;2022-11-21;398;10
Rotterdam;2025-11-17;398;11
Rotterdam;2022-12-06;398;6
Akureyri;2023-09-07;377;2
Akureyri;2021-03-20;377;6
Akureyri;2021-06-20;377;17
Tokyo;2023-08-16;233;4
Tokyo;2024-04-10;233;7
Tokyo;2025-09-08;233;1
Tunis;2022-09-10;233;21
Tunis;2020-11-21;233;19
Tunis;2024-05-03;233;10
Melbourne;2020-09-23;305;8
Melbourne;2024-02-14;305;20
Melbourne;2021-04-02;305;3
Reykjavik;2023-09-30;211;6
Reykjavik;2024-03-15;211;27
Reykjavik;2023-10-17;211;30
Copenhagen;2025-04-30;241;3
Copenhagen;2020-12-19;241;5
Copenhagen;2023-07-11;241;46
Shanghai;2021-09-27;135;3
Shanghai;2023-12-14;135;2
Shanghai;2021-11-29;135;9
Dubrovnik;2024-12-06;332;4
Dubrovnik;2024-08-13;332;16
Dubrovnik;2025-05-24;332;8
Antalya;2022-12-18;377;15
Antalya;2021-12-14;377;10
Antalya;2025-11-08;377;2
Beijing;2024-10-31;231;13
Beijing;2022-08-03;231;14
Beijing;2024-08-04;231;3
Munich;2025-11-12;258;15
Munich;2020-06-17;258;21
Munich;2025-09-10;258;25
Casablanca;2022-06-30;189;32
Casablanca;2020-08-29;189;30
Casablanca;2024-09-11;189;29
Cork;2023-11-30;265;32
Cork;2023-10-27;265;3
Cork;2023-10-02;265;33
Montreal;2021-04-29;54;16
Montreal;2022-12-17;54;19
Montreal;2025-04-29;54;1
Milan;2025-03-10;157;19
Milan;2020-12-29;157;39
Milan;2021-05-11;157;31
Lyon;2021-03-05;284;35
Lyon;2021-08-13;284;4
Lyon;2024-01-31;284;9
Antalya;2021-01-02;236;24
Antalya;2025-11-19;236;25
Antalya;2025-02-14;236;3
Split;2024-03-28;251;13
Split;2021-03-28;251;7
Split;2020-03-17;251;36
Salzburg;2024-01-10;391;2
Salzburg;2023-09-08;391;17
Salzburg;2021-03-09;391;18
Hurghada;2024-08-26;188;27
Hurghada;2023-09-12;188;40
Hurghada;2020-08-11;188;9
Mumbai;2021-02-03;65;13
Mumbai;2021-12-27;65;11
Mumbai;2023-03-10;65;6
Shanghai;2025-05-27;196;13
Shanghai;2023-05-01;196;7
Shanghai;2024-10-25;196;3
Split;2021-10-12;95;2
Split;2025-08-31;95;23
Split;2022-01-22;95;31
Brussels;2024-01-19;117;15
Brussels;2024-04-13;117;20
Brussels;2025-03-25;117;5
Zurich;2023-07-10;287;40
Zurich;2024-09-27;287;3
Zurich;2025-01-22;287;40
Split;2020-12-18;304;19
Split;2020-05-28;304;9
Split;2024-03-24;304;32
Dublin;2024-11-01;340;10
Dublin;2022-03-10;340;7
Dublin;2022-05-23;340;6
Akureyri;2024-08-29;83;11
Akureyri;2022-04-19;83;27
Akureyri;2024-11-26;83;10
Marrakesh;2024-03-04;170;2
Marrakesh;2020-01-20;170;16
Marrakesh;2025-12-04;170;15
Dublin;2021-08-09;261;38
Dublin;2021-03-03;261;3
Dublin;2022-09-01;261;7
Copenhagen;2021-12-14;146;16
Copenhagen;2022-01-08;146;8
Copenhagen;2021-01-10;146;1
Sofia;2025-07-31;110;21
Sofia;2021-07-05;110;3
Sofia;2023-02-21;110;14
Geneva;2024-09-30;116;8
Geneva;2025-12-01;116;9
Geneva;2020-06-11;116;14
Amsterdam;2022-01-26;262;21
Amsterdam;2020-06-28;262;8
Amsterdam;2020-08-31;262;25
Istanbul;2023-05-27;322;6
Istanbul;2022-02-05;322;9
Istanbul;2024-08-07;322;5
Casablanca;2021-05-12;397;11
Casablanca;2020-07-19;397;17
Casablanca;2024-04-25;397;31
Delhi;2023-07-25;268;2
Delhi;2020-02-09;268;9
Delhi;2024-05-31;268;8
Gothenburg;2024-07-08;123;10
Gothenburg;2025-05-28;123;23
Gothenburg;2021-10-02;123;6
Barcelona;2025-04-25;310;12
Barcelona;2025-08-05;310;26
Barcelona;2023-08-30;310;19
Cairo;2025-07-01;79;10
Cairo;2024-06-11;79;35
Cairo;2023-10-02;79;26
Brussels;2020-05-30;190;50
Brussels;2024-06-21;190;10
Brussels;2020-09-12;190;10
Valencia;2023-06-25;113;3
Valencia;2021-04-17;113;21
Valencia;2020-06-10;113;24
Tokyo;2022-06-11;246;14
Tokyo;2022-08-26;246;35
Tokyo;2021-12-05;246;18
Casablanca;2025-04-19;50;3
Casablanca;2021-07-15;50;40
Casablanca;2023-05-28;50;4
Rotterdam;2025-07-06;192;2
Rotterdam;2021-01-29;192;9
Rotterdam;2022-12-06;192;6
Geneva;2025-02-28;241;1
Geneva;2025-03-13;241;14
Geneva;2024-12-04;241;23
Thessaloniki;2021-08-24;186;4
Thessaloniki;2025-11-25;186;9
Thessaloniki;2022-11-20;186;18
Milan;2024-06-26;358;27
Milan;2022-07-12;358;31
Milan;2023-09-16;358;42
Manchester;2020-06-13;374;3
Manchester;2025-10-23;374;5
Manchester;2025-04-26;374;2
Dubrovnik;2024-04-27;290;37
Dubrovnik;2021-11-02;290;35
Dubrovnik;2020-10-27;290;12
Cairo;2022-10-16;293;12
Cairo;2021-04-29;293;7
Cairo;2024-12-18;293;12
Mumbai;2025-02-17;220;3
Mumbai;2024-10-23;220;20
Mumbai;2024-11-03;220;5
Aarhus;2022-01-05;183;11
Aarhus;2024-11-19;183;30
Aarhus;2020-06-05;183;9
Salzburg;2020-06-25;399;32
Salzburg;2022-09-26;399;9
Salzburg;2020-10-21;399;9
Lisbon;2022-05-27;63;2
Lisbon;2024-10-10;63;11
Lisbon;2025-07-14;63;21
Oslo;2021-11-06;168;12
Oslo;2024-09-05;168;1
Oslo;2021-02-15;168;13
Mumbai;2025-05-19;175;19
Mumbai;2022-11-30;175;13
Mumbai;2025-11-23;175;40
Delhi;2024-07-09;400;26
Delhi;2020-10-17;400;33
Delhi;2021-06-30;400;3
Toronto;2023-04-27;50;2
Toronto;2021-05-03;50;5
Toronto;2025-06-04;50;11
Casablanca;2025-08-19;169;1
Casablanca;2024-10-05;169;4
Casablanca;2021-12-25;169;29
Burgas;2022-04-28;80;22
Burgas;2025-05-02;80;10
Burgas;2022-06-22;80;1
Hamburg;2024-07-07;161;24
Hamburg;2023-06-10;161;1
Hamburg;2024-03-08;161;8
Nice;2023-12-21;368;10
Nice;2024-04-04;368;26
Nice;2022-07-25;368;20
Mumbai;2024-04-27;200;5
Mumbai;2024-06-26;200;15
Mumbai;2021-10-12;200;9
Copenhagen;2021-03-04;183;5
Copenhagen;2022-02-22;183;6
Copenhagen;2025-12-19;183;18
Shanghai;2021-02-15;365;9
Shanghai;2020-03-31;365;14
Shanghai;2024-09-08;365;44
Berlin;2021-07-18;382;6
Berlin;2025-01-29;382;29
Berlin;2023-11-27;382;46
Casablanca;2020-03-11;123;5
Casablanca;2024-12-07;123;4
Casablanca;2023-10-28;123;36
Melbourne;2024-12-05;60;13
Melbourne;2020-01-20;60;18
Melbourne;2022-04-08;60;6
Rotterdam;2023-12-24;339;17
Rotterdam;2020-06-04;339;1
Rotterdam;2021-06-09;339;14
Hammamet;2020-03-03;129;8
Hammamet;2021-09-02;129;33
Hammamet;2023-05-03;129;2
Milan;2023-02-10;237;9
Milan;2020-10-07;237;27
Milan;2022-08-28;237;37
Hurghada;2024-02-07;370;9
Hurghada;2022-03-21;370;20
Hurghada;2022-11-11;370;26
Nice;2021-10-23;63;1
Nice;2025-07-23;63;38
Nice;2020-07-27;63;3
Tokyo;2021-03-06;364;12
Tokyo;2024-08-12;364;9
Tokyo;2022-11-26;364;5
Hammamet;2023-08-01;301;3
Hammamet;2023-04-25;301;27
Hammamet;2025-03-23;301;3
Bergen;2023-08-25;383;14
Bergen;2023-01-16;383;25
Bergen;2022-03-02;383;13
Vienna;2023-04-28;205;1
Vienna;2021-07-01;205;6
Vienna;2021-12-16;205;5
Warsaw;2020-10-04;120;23
Warsaw;2022-01-10;120;12
Warsaw;2022-08-12;120;26
Berlin;2023-02-15;135;9
Berlin;2024-05-08;135;1
Berlin;2023-11-06;135;20
Vienna;2024-10-16;272;9
Vienna;2025-12-14;272;18
Vienna;2022-07-03;272;8
Munich;2023-01-24;388;8
Munich;2020-07-21;388;3
Munich;2021-04-21;388;7
Toronto;2020-02-09;172;1
Toronto;2025-05-25;172;27
Toronto;2020-05-01;172;2
Lyon;2020-07-08;211;7
Lyon;2020-01-02;211;2
Lyon;2023-03-15;211;3
Split;2025-01-29;354;10
Split;2022-09-26;354;12
Split;2020-03-15;354;8
Brussels;2020-08-23;396;7
Brussels;2025-06-19;396;15
Brussels;2020-03-05;396;14
Sydney;2025-04-11;180;3
Sydney;2024-08-09;180;19
Sydney;2022-01-17;180;37
Prague;2020-08-21;125;37
Prague;2021-01-17;125;11
Prague;2020-12-23;125;4
Copenhagen;2022-03-02;148;5
Copenhagen;2020-09-26;148;17
Copenhagen;2025-11-28;148;14
Antwerp;2022-08-29;50;5
Antwerp;2023-05-18;50;18
Antwerp;2020-12-25;50;12
Beijing;2025-09-22;199;44
Beijing;2023-08-08;199;36
Beijing;2025-01-11;199;4
Antalya;2025-04-07;175;21
Antalya;2021-04-28;175;25
Antalya;2024-03-13;175;21
Delhi;2024-05-11;175;27
Delhi;2021-04-28;175;10
Delhi;2022-06-19;175;2
Nice;2024-03-03;131;16
Nice;2024-06-07;131;8
Nice;2023-01-06;131;5
Brussels;2024-08-18;153;4
Brussels;2025-08-17;153;27
Brussels;2023-02-22;153;36
Valencia;2025-07-16;180;9
Valencia;2024-08-28;180;16
Valencia;2021-07-15;180;7
Lyon;2020-05-08;236;21
Lyon;2024-09-03;236;30
Lyon;2022-08-11;236;12
Hammamet;2025-07-22;170;5
Hammamet;2025-02-25;170;4
Hammamet;2024-11-19;170;7
Split;2021-03-11;370;39
Split;2020-11-23;370;2
Split;2020-02-13;370;13
Montreal;2025-04-21;73;47
Montreal;2020-05-04;73;36
Montreal;2021-05-16;73;31
Hurghada;2023-11-13;380;14
Hurghada;2024-12-03;380;20
Hurghada;2023-09-14;380;14
Sofia;2024-08-20;89;2
Sofia;2023-10-15;89;8
Sofia;2024-02-08;89;7
New York;2023-06-03;362;16
New York;2025-04-24;362;21
New York;2022-12-17;362;4
Brussels;2025-12-03;299;35
Brussels;2020-05-19;299;12
Brussels;2022-06-27;299;17
Prague;2025-05-21;108;9
Prague;2022-02-05;108;30
Prague;2025-08-31;108;24
Amsterdam;2025-06-05;89;6
Amsterdam;2024-09-22;89;6
Amsterdam;2021-12-13;89;14
Sofia;2021-11-21;90;19
Sofia;2020-12-13;90;3
Sofia;2020-07-19;90;17
Montreal;2021-04-14;170;14
Montreal;2025-03-14;170;10
Montreal;2020-04-11;170;11
Delhi;2020-01-28;286;25
Delhi;2020-08-05;286;16
Delhi;2022-04-17;286;36
Porto;2024-03-06;274;11
Porto;2022-01-27;274;32
Porto;2025-10-14;274;48
Antalya;2024-12-12;289;8
Antalya;2023-02-17;289;6
Antalya;2020-09-18;289;2
Istanbul;2021-07-31;96;16
Istanbul;2021-09-11;96;9
Istanbul;2023-06-18;96;2
Zurich;2024-02-16;70;3
Zurich;2020-05-09;70;43
Zurich;2021-04-27;70;1
Bergen;2020-02-25;175;2
Bergen;2025-07-14;175;15
Bergen;2025-01-16;175;23
Vienna;2020-11-21;155;1
Vienna;2021-06-26;155;17
Vienna;2025-08-04;155;12
Split;2024-01-07;223;40
Split;2023-08-29;223;22
Split;2024-01-06;223;31
Melbourne;2025-05-28;211;8
Melbourne;2024-04-09;211;1
Melbourne;2024-10-19;211;18
Stockholm;2020-03-22;67;1
Stockholm;2024-11-30;67;5
Stockholm;2025-08-05;67;19
Krakow;2022-05-31;346;33
Krakow;2021-10-13;346;28
Krakow;2024-03-12;346;7
Casablanca;2022-01-07;191;17
Casablanca;2023-12-21;191;16
Casablanca;2025-04-22;191;20
Shanghai;2021-07-20;215;17
Shanghai;2022-07-31;215;9
Shanghai;2022-02-04;215;6
Oslo;2020-12-15;342;26
Oslo;2024-09-01;342;4
Oslo;2020-11-20;342;5
Istanbul;2021-12-06;70;21
Istanbul;2021-03-30;70;1
Istanbul;2021-01-17;70;13
Lisbon;2021-10-03;108;25
Lisbon;2021-02-23;108;8
Lisbon;2024-06-23;108;1
Sofia;2022-10-19;396;6
Sofia;2025-03-23;396;28
Sofia;2023-11-03;396;22
Antalya;2021-04-13;285;2
Antalya;2021-10-16;285;3
Antalya;2023-05-10;285;4
Cairo;2023-11-27;197;8
Cairo;2022-01-14;197;2
Cairo;2022-08-21;197;44
Split;2020-10-05;312;29
Split;2023-01-17;312;37
Split;2025-01-13;312;1
Beijing;2021-03-25;349;21
Beijing;2023-03-13;349;4
Beijing;2025-05-27;349;10
Cairo;2023-04-12;75;1
Cairo;2020-05-18;75;11
Cairo;2024-07-19;75;16
Zurich;2025-05-15;284;25
Zurich;2020-07-18;284;18
Zurich;2025-11-25;284;25
Venice;2025-10-18;132;26
Venice;2024-06-30;132;33
Venice;2023-06-23;132;2
Gdansk;2024-02-08;244;14
Gdansk;2021-09-18;244;3
Gdansk;2023-06-24;244;26
Tokyo;2023-06-21;197;1
Tokyo;2022-04-27;197;18
Tokyo;2023-10-06;197;32
Porto;2022-08-12;61;12
Porto;2024-08-16;61;13
Porto;2021-12-06;61;12
Montreal;2024-07-23;274;25
Montreal;2023-09-25;274;10
Montreal;2025-10-02;274;2
Dubrovnik;2024-08-15;300;3
Dubrovnik;2025-08-25;300;3
Dubrovnik;2021-11-05;300;23
Mumbai;2023-12-31;257;3
Mumbai;2024-08-10;257;21
Mumbai;2024-05-10;257;2
Bergen;2025-02-12;86;1
Bergen;2025-06-09;86;15
Bergen;2020-01-14;86;5
Warsaw;2025-11-06;303;5
Warsaw;2023-01-17;303;12
Warsaw;2023-11-20;303;8
Istanbul;2022-10-11;382;36
Istanbul;2022-09-17;382;14
Istanbul;2022-10-17;382;1
Ostrava;2024-03-14;176;12
Ostrava;2025-03-23;176;6
Ostrava;2022-11-08;176;21
Copenhagen;2022-01-30;322;1
Copenhagen;2022-01-22;322;14
Copenhagen;2024-09-20;322;25
Berlin;2020-06-20;48;24
Berlin;2025-10-14;48;8
Berlin;2020-01-26;48;34
Munich;2024-05-29;277;22
Munich;2021-03-17;277;11
Munich;2021-11-12;277;18
Dubrovnik;2023-09-23;341;18
Dubrovnik;2025-07-05;341;10
Dubrovnik;2020-09-16;341;6
Burgas;2025-08-09;244;18
Burgas;2021-06-04;244;10
Burgas;2022-04-10;244;1
Burgas;2021-05-17;303;17
Burgas;2025-08-30;303;32
Burgas;2021-12-04;303;40
Hammamet;2025-08-29;255;30
Hammamet;2022-09-13;255;3
Hammamet;2024-03-24;255;1
Edinburgh;2024-02-29;202;11
Edinburgh;2025-08-13;202;13
Edinburgh;2023-08-25;202;8
Sydney;2020-05-18;284;28
Sydney;2023-02-20;284;39
Sydney;2024-12-17;284;10
Porto;2020-10-19;228;39
Porto;2023-06-10;228;16
Porto;2020-05-22;228;12
Montreal;2025-11-15;234;11
Montreal;2024-10-20;234;24
Montreal;2023-07-07;234;32
Mumbai;2020-07-16;280;26
Mumbai;2021-12-21;280;21
Mumbai;2020-03-18;280;18
Delhi;2021-08-30;263;24
Delhi;2025-11-16;263;37
Delhi;2025-11-26;263;10
Venice;2020-06-28;121;6
Venice;2025-08-11;121;36
Venice;2025-03-18;121;12
Rotterdam;2021-03-23;239;12
Rotterdam;2024-09-01;239;29
Rotterdam;2020-04-10;239;2
New York;2021-11-18;68;22
New York;2024-09-17;68;9
New York;2023-01-18;68;20
Salzburg;2025-12-19;156;9
Salzburg;2020-10-16;156;5
Salzburg;2022-09-27;156;13
Krakow;2022-08-18;285;4
Krakow;2025-10-16;285;31
Krakow;2024-02-02;285;26
Dublin;2021-09-17;283;17
Dublin;2021-07-07;283;3
Dublin;2024-04-07;283;5
Cairo;2021-01-29;197;41
Cairo;2020-10-12;197;4
Cairo;2021-04-26;197;23
Gothenburg;2021-04-20;224;11
Gothenburg;2020-09-21;224;1
Gothenburg;2024-01-21;224;42
Burgas;2021-02-27;79;26
Burgas;2023-01-15;79;13
Burgas;2024-12-25;79;7
Dubrovnik;2024-06-03;151;4
Dubrovnik;2020-11-11;151;8
Dubrovnik;2024-06-19;151;34
Akureyri;2021-03-13;367;15
Akureyri;2021-02-10;367;12
Akureyri;2020-01-24;367;8
Aarhus;2023-10-12;385;38
Aarhus;2023-03-11;385;3
Aarhus;2023-11-15;385;1
Paris;2020-09-03;308;4
Paris;2021-03-24;308;7
Paris;2024-05-04;308;4
Cork;2022-02-22;382;12
Cork;2021-05-28;382;22
Cork;2023-02-14;382;4
Split;2024-08-09;203;16
Split;2020-11-10;203;16
Split;2024-03-20;203;15
Barcelona;2022-08-30;144;21
Barcelona;2022-04-22;144;20
Barcelona;2021-04-25;144;2
Rome;2022-05-25;358;11
Rome;2023-12-08;358;7
Rome;2020-04-15;358;11
Antalya;2023-03-09;100;9
Antalya;2023-09-09;100;9
Antalya;2022-02-28;100;22
Brussels;2024-11-14;206;14
Brussels;2023-09-14;206;4
Brussels;2021-09-08;206;21
Valencia;2022-09-22;222;12
Valencia;2025-11-02;222;11
Valencia;2021-01-25;222;26
Burgas;2020-12-09;373;7
Burgas;2024-05-10;373;38
Burgas;2020-07-09;373;13
Casablanca;2022-07-09;159;12
Casablanca;2020-06-18;159;2
Casablanca;2020-11-17;159;5
Warsaw;2021-07-05;354;2
Warsaw;2021-04-17;354;12
Warsaw;2025-07-11;354;21
Antwerp;2022-08-23;331;8
Antwerp;2020-09-19;331;9
Antwerp;2024-12-25;331;32
Copenhagen;2021-08-13;92;21
Copenhagen;2020-07-09;92;25
Copenhagen;2024-07-08;92;13
Casablanca;2024-05-03;49;2
Casablanca;2020-08-20;49;6
Casablanca;2025-04-21;49;40
New York;2023-07-13;50;27
New York;2020-02-08;50;10
New York;2021-03-29;50;19
Casablanca;2025-01-09;42;22
Casablanca;2020-01-11;42;3
Casablanca;2024-06-13;42;16
Porto;2021-01-26;391;8
Porto;2023-07-01;391;12
Porto;2020-01-10;391;9
Zurich;2022-03-22;193;27
Zurich;2022-11-13;193;9
Zurich;2022-10-17;193;25
Tokyo;2023-07-17;203;12
Tokyo;2024-02-10;203;41
Tokyo;2025-12-06;203;45
Copenhagen;2020-04-01;184;6
Copenhagen;2025-02-08;184;11
Copenhagen;2023-07-25;184;10
Salzburg;2020-10-25;71;12
Salzburg;2023-05-10;71;29
Salzburg;2023-11-21;71;1
Osaka;2020-02-11;290;1
Osaka;2023-01-23;290;3
Osaka;2023-02-24;290;25
Delhi;2022-11-20;221;17
Delhi;2023-04-02;221;32
Delhi;2023-06-14;221;44
Salzburg;2025-01-21;320;7
Salzburg;2021-05-15;320;8
Salzburg;2025-11-11;320;3
Salzburg;2022-03-19;114;2
Salzburg;2022-08-31;114;19
Salzburg;2020-08-03;114;18
Vienna;2024-08-05;296;35
Vienna;2025-05-04;296;2
Vienna;2023-06-09;296;32
Antwerp;2024-08-18;325;33
Antwerp;2020-08-16;325;19
Antwerp;2023-08-15;325;9
Berlin;2022-04-28;162;14
Berlin;2021-03-21;162;9
Berlin;2025-12-21;162;47
Brussels;2020-11-01;234;18
Brussels;2022-12-06;234;14
Brussels;2021-04-11;234;48
Nice;2024-06-28;55;8
Nice;2022-10-24;55;3
Nice;2024-04-26;55;9
Antalya;2020-11-30;398;3
Antalya;2024-05-06;398;8
Antalya;2022-12-13;398;4
Porto;2020-01-31;241;23
Porto;2024-05-12;241;7
Porto;2024-11-28;241;5
Venice;2024-03-10;398;14
Venice;2025-06-12;398;19
Venice;2022-03-06;398;35
Athens;2020-11-30;133;20
Athens;2024-06-09;133;6
Athens;2025-10-01;133;10
Barcelona;2023-07-28;372;5
Barcelona;2023-05-26;372;33
Barcelona;2021-04-26;372;7
Istanbul;2020-06-21;169;27
Istanbul;2020-12-06;169;18
Istanbul;2022-04-23;169;2
Zurich;2020-01-15;289;16
Zurich;2021-03-08;289;21
Zurich;2022-06-19;289;13
Beijing;2020-05-18;181;10
Beijing;2024-04-11;181;41
Beijing;2020-03-01;181;41
Edinburgh;2020-01-04;160;25
Edinburgh;2024-04-01;160;3
Edinburgh;2021-10-16;160;25
Dublin;2021-09-17;129;26
Dublin;2020-08-29;129;18
Dublin;2020-08-19;129;30
Tunis;2021-03-05;61;21
Tunis;2021-09-04;61;1
Tunis;2022-02-12;61;30
Salzburg;2025-12-25;81;43
Salzburg;2021-04-25;81;14
Salzburg;2024-01-11;81;9
London;2023-06-26;251;7
London;2025-10-30;251;27
London;2024-03-27;251;16
Istanbul;2022-05-05;259;11
Istanbul;2022-04-18;259;22
Istanbul;2024-01-17;259;10
Tokyo;2023-02-06;387;37
Tokyo;2020-04-18;387;22
Tokyo;2020-06-05;387;25
Delhi;2022-11-25;381;3
Delhi;2024-08-01;381;30
Delhi;2023-12-28;381;8
Tokyo;2025-02-15;59;8
Tokyo;2022-07-04;59;1
Tokyo;2024-11-14;59;13
Edinburgh;2025-10-12;70;11
Edinburgh;2021-10-04;70;6
Edinburgh;2021-12-31;70;3
Marrakesh;2022-08-08;211;24
Marrakesh;2024-04-22;211;6
Marrakesh;2020-12-25;211;3
Gothenburg;2021-07-11;122;13
Gothenburg;2020-06-26;122;20
Gothenburg;2025-09-29;122;28
Tokyo;2023-08-17;197;6
Tokyo;2020-11-10;197;1
Tokyo;2021-08-26;197;31
Oslo;2021-10-03;86;5
Oslo;2023-02-04;86;15
Oslo;2023-11-18;86;15
Copenhagen;2020-06-15;238;1
Copenhagen;2023-04-06;238;8
Copenhagen;2024-06-07;238;3
Venice;2020-08-02;282;5
Venice;2021-07-01;282;7
Venice;2024-07-12;282;2
Hammamet;2023-12-13;366;11
Hammamet;2024-07-02;366;10
Hammamet;2025-01-16;366;13
Thessaloniki;2020-11-05;310;10
Thessaloniki;2020-04-15;310;17
Thessaloniki;2022-11-25;310;1
Aarhus;2022-08-06;342;11
Aarhus;2020-12-31;342;12
Aarhus;2021-03-16;342;10
Cork;2022-11-03;371;20
Cork;2021-11-18;371;7
Cork;2024-11-05;371;7
Cork;2022-01-08;46;8
Cork;2022-05-15;46;12
Cork;2022-06-16;46;12
Reykjavik;2021-10-04;371;11
Reykjavik;2022-03-26;371;16
Reykjavik;2025-04-03;371;6
Warsaw;2021-06-11;156;18
Warsaw;2022-08-27;156;10
Warsaw;2025-10-12;156;19
Shanghai;2024-04-08;88;5
Shanghai;2023-02-08;88;17
Shanghai;2025-08-21;88;33
Osaka;2022-09-12;339;26
Osaka;2025-06-02;339;21
Osaka;2022-07-11;339;16
Hurghada;2022-12-24;72;4
Hurghada;2021-04-09;72;2
Hurghada;2023-04-03;72;3
Vienna;2024-02-19;393;1
Vienna;2020-10-02;393;21
Vienna;2022-04-20;393;25
Copenhagen;2023-08-05;226;14
Copenhagen;2020-04-11;226;18
Copenhagen;2023-10-05;226;12
Hammamet;2023-05-19;352;2
Hammamet;2020-08-13;352;38
Hammamet;2025-08-03;352;1
Toronto;2021-11-05;52;2
Toronto;2024-08-06;52;4
Toronto;2021-03-18;52;33
Edinburgh;2022-02-15;342;21
Edinburgh;2020-01-13;342;14
Edinburgh;2023-01-05;342;23
Ostrava;2020-07-31;224;2
Ostrava;2020-07-20;224;35
Ostrava;2022-06-03;224;40
Madrid;2021-09-19;317;18
Madrid;2023-06-15;317;20
Madrid;2022-07-14;317;17
Tunis;2025-10-10;112;10
Tunis;2023-12-30;112;21
Tunis;2020-04-04;112;38
Toronto;2022-12-02;290;13
Toronto;2020-05-13;290;6
Toronto;2020-09-14;290;3
Manchester;2024-08-12;331;23
Manchester;2023-03-31;331;8
Manchester;2025-04-10;331;16
Porto;2025-10-09;143;28
Porto;2021-08-28;143;15
Porto;2025-10-13;143;5
Krakow;2020-06-15;98;20
Krakow;2025-02-26;98;24
Krakow;2025-12-24;98;12
Dubrovnik;2021-10-22;366;1
Dubrovnik;2024-04-27;366;23
Dubrovnik;2025-11-30;366;3
Montreal;2025-07-22;81;6
Montreal;2022-11-19;81;17
Montreal;2020-11-22;81;6
Brussels;2020-08-21;136;9
Brussels;2022-05-29;136;8
Brussels;2022-10-21;136;22
Thessaloniki;2021-06-16;238;5
Thessaloniki;2021-01-11;238;2
Thessaloniki;2022-06-23;238;37
Melbourne;2024-08-27;361;3
Melbourne;2021-06-14;361;8
Melbourne;2025-06-21;361;24
Sydney;2025-02-03;228;32
Sydney;2024-12-15;228;11
Sydney;2021-12-17;228;3
Beijing;2020-06-24;314;4
Beijing;2022-04-06;314;8
Beijing;2024-08-09;314;9
Lisbon;2022-09-17;257;2
Lisbon;2025-04-06;257;16
Lisbon;2020-01-07;257;31
Madrid;2025-09-26;108;4
Madrid;2021-07-05;108;6
Madrid;2021-12-17;108;36
Delhi;2021-09-05;295;14
Delhi;2020-02-28;295;11
Delhi;2024-02-24;295;7
Thessaloniki;2024-11-15;114;5
Thessaloniki;2020-06-15;114;19
Thessaloniki;2020-11-13;114;4
Bergen;2024-10-28;315;22
Bergen;2024-11-02;315;6
Bergen;2025-10-07;315;34
Antwerp;2025-02-05;247;26
Antwerp;2022-03-02;247;30
Antwerp;2024-11-03;247;25
Mumbai;2020-06-06;304;11
Mumbai;2024-03-05;304;5
Mumbai;2022-12-01;304;1
Istanbul;2023-10-20;40;7
Istanbul;2022-09-28;40;37
Istanbul;2022-06-18;40;4
Reykjavik;2024-08-17;306;24
Reykjavik;2025-09-02;306;8
Reykjavik;2022-12-11;306;24
Berlin;2024-08-01;389;16
Berlin;2021-01-03;389;1
Berlin;2022-09-18;389;2
Athens;2025-06-14;40;18
Athens;2021-11-01;40;21
Athens;2024-03-06;40;22
Copenhagen;2022-11-20;347;25
Copenhagen;2025-12-04;347;4
Copenhagen;2023-02-21;347;16
Nice;2022-02-11;399;16
Nice;2020-10-04;399;10
Nice;2023-07-11;399;2
Brussels;2025-12-29;379;2
Brussels;2020-03-18;379;14
Brussels;2025-03-08;379;15
Aarhus;2023-12-23;109;19
Aarhus;2021-03-29;109;17
Aarhus;2022-08-19;109;26
Split;2023-04-11;129;38
Split;2021-07-29;129;4
Split;2023-02-09;129;11
New York;2021-09-22;361;16
New York;2020-08-23;361;17
New York;2020-11-13;361;26
Split;2024-12-16;214;21
Split;2021-06-24;214;15
Split;2025-03-17;214;15
Gothenburg;2021-03-11;256;13
Gothenburg;2023-10-01;256;38
Gothenburg;2021-02-19;256;10
Miami;2021-06-15;267;2
Miami;2025-06-29;267;15
Miami;2021-12-20;267;27
Geneva;2022-05-23;310;18
Geneva;2022-01-05;310;14
Geneva;2022-04-19;310;5
Istanbul;2024-12-21;293;5
Istanbul;2021-10-19;293;6
Istanbul;2023-03-29;293;20
Oslo;2023-04-20;134;3
Oslo;2021-02-16;134;21
Oslo;2021-07-05;134;6
Nice;2020-03-29;195;6
Nice;2025-11-03;195;33
Nice;2021-12-08;195;11
Sofia;2022-10-18;81;9
Sofia;2023-03-30;81;2
Sofia;2024-10-21;81;29
Aarhus;2024-03-22;199;36
Aarhus;2025-05-05;199;4
Aarhus;2024-11-12;199;1
Gothenburg;2020-04-02;223;4
Gothenburg;2025-04-19;223;2
Gothenburg;2024-03-16;223;9
Dublin;2023-09-02;125;26
Dublin;2023-06-07;125;2
Dublin;2024-11-18;125;17
Edinburgh;2025-09-13;340;1
Edinburgh;2021-02-24;340;7
Edinburgh;2020-05-04;340;15
Hurghada;2021-07-08;285;6
Hurghada;2020-03-21;285;2
Hurghada;2022-06-18;285;8
Gothenburg;2024-01-21;332;11
Gothenburg;2022-01-03;332;14
Gothenburg;2021-08-25;332;32
New York;2025-01-29;220;25
New York;2021-08-01;220;28
New York;2022-04-12;220;6
Amsterdam;2020-04-07;393;12
Amsterdam;2025-04-27;393;3
Amsterdam;2021-09-26;393;10
Dublin;2020-10-13;397;40
Dublin;2024-11-18;397;16
Dublin;2021-04-12;397;19
Rome;2024-06-30;289;27
Rome;2024-12-05;289;16
Rome;2021-04-21;289;3
Osaka;2023-03-19;192;13
Osaka;2023-01-26;192;27
Osaka;2025-08-19;192;34
New York;2024-12-10;58;41
New York;2024-12-24;58;1
New York;2023-04-02;58;12
Venice;2024-12-04;79;16
Venice;2020-12-12;79;19
Venice;2023-12-11;79;11
Bergen;2024-02-01;164;18
Bergen;2021-12-08;164;1
Bergen;2024-02-12;164;39
Dublin;2023-08-04;123;2
Dublin;2025-06-15;123;4
Dublin;2021-07-19;123;17
Brussels;2023-06-24;340;5
Brussels;2024-08-08;340;6
Brussels;2025-05-03;340;16
Reykjavik;2022-08-27;367;8
Reykjavik;2023-05-25;367;18
Reykjavik;2020-01-25;367;8
Beijing;2023-02-15;41;7
Beijing;2020-02-06;41;30
Beijing;2024-05-28;41;12
Dublin;2025-04-17;392;10
Dublin;2024-03-09;392;26
Dublin;2025-01-05;392;19
Casablanca;2025-06-13;370;3
Casablanca;2025-03-20;370;19
Casablanca;2023-02-01;370;13
Akureyri;2025-03-30;89;9
Akureyri;2021-01-19;89;12
Akureyri;2025-04-03;89;1
Burgas;2024-12-24;344;4
Burgas;2020-10-13;344;39
Burgas;2024-07-06;344;1
Dubrovnik;2020-09-05;282;16
Dubrovnik;2025-06-29;282;22
Dubrovnik;2022-02-12;282;4
Stockholm;2025-09-26;253;11
Stockholm;2021-02-12;253;6
Stockholm;2022-09-11;253;1
Miami;2021-03-09;223;19
Miami;2025-09-09;223;8
Miami;2023-07-16;223;24
Stockholm;2020-01-08;162;24
Stockholm;2022-04-25;162;4
Stockholm;2024-01-15;162;7
Cairo;2023-03-09;320;20
Cairo;2023-04-21;320;9
Cairo;2021-10-12;320;14
Antalya;2021-05-29;239;16
Antalya;2022-05-31;239;21
Antalya;2024-02-18;239;5
Gothenburg;2024-07-20;122;23
Gothenburg;2020-05-08;122;19
Gothenburg;2021-09-30;122;25
Istanbul;2022-09-25;222;10
Istanbul;2023-01-02;222;12
Istanbul;2022-01-13;222;19
Marrakesh;2020-07-25;244;1
Marrakesh;2025-03-25;244;20
Marrakesh;2020-03-28;244;26
Porto;2025-08-25;221;4
Porto;2024-09-01;221;37
Porto;2025-07-05;221;8
Cork;2025-09-28;389;22
Cork;2021-03-31;389;16
Cork;2022-02-28;389;11
Tokyo;2025-05-09;185;3
Tokyo;2021-03-28;185;41
Tokyo;2022-02-24;185;29
Hurghada;2020-01-07;52;17
Hurghada;2022-12-07;52;8
Hurghada;2022-02-18;52;12
Madrid;2021-07-29;212;7
Madrid;2020-11-03;212;4
Madrid;2022-03-23;212;29
Hurghada;2021-03-12;259;11
Hurghada;2021-02-11;259;32
Hurghada;2023-03-20;259;23
Gdansk;2024-09-26;173;25
Gdansk;2022-10-04;173;31
Gdansk;2022-05-31;173;15
Munich;2023-10-08;47;29
Munich;2020-08-15;47;2
Munich;2021-03-02;47;1
Valencia;2024-12-27;341;5
Valencia;2022-11-19;341;5
Valencia;2024-10-30;341;3
Gothenburg;2021-06-26;163;11
Gothenburg;2024-09-05;163;18
Gothenburg;2021-08-26;163;11
Reykjavik;2025-03-01;218;16
Reykjavik;2024-12-19;218;28
Reykjavik;2021-09-10;218;6
Reykjavik;2022-11-15;203;14
Reykjavik;2023-02-20;203;4
Reykjavik;2023-07-24;203;22
Munich;2020-03-10;98;7
Munich;2020-01-01;98;5
Munich;2023-12-06;98;9
Gdansk;2024-08-12;278;10
Gdansk;2023-11-17;278;8
Gdansk;2021-12-22;278;2
Lyon;2024-03-28;149;19
Lyon;2020-07-16;149;14
Lyon;2020-04-01;149;5
Los Angeles;2022-10-16;334;3
Los Angeles;2022-02-15;334;28
Los Angeles;2022-03-24;334;10
Osaka;2025-02-05;375;31
Osaka;2024-11-30;375;4
Osaka;2022-09-10;375;14
Lisbon;2021-10-01;112;21
Lisbon;2023-03-01;112;3
Lisbon;2023-01-26;112;28
Delhi;2023-10-19;74;5
Delhi;2023-02-03;74;31
Delhi;2025-05-22;74;43
Oslo;2023-04-07;379;3
Oslo;2025-08-16;379;18
Oslo;2025-12-05;379;12
Berlin;2020-06-29;267;25
Berlin;2022-02-09;267;12
Berlin;2024-11-18;267;2
Casablanca;2022-01-22;138;15
Casablanca;2022-03-30;138;17
Casablanca;2024-12-19;138;9
Cairo;2025-06-12;384;1
Cairo;2024-11-15;384;45
Cairo;2024-09-10;384;2
Manchester;2021-08-01;185;43
Manchester;2025-10-22;185;35
Manchester;2021-01-05;185;19
Mumbai;2020-05-22;187;18
Mumbai;2024-10-05;187;4
Mumbai;2023-03-22;187;14
Copenhagen;2024-10-07;256;22
Copenhagen;2023-03-12;256;37
Copenhagen;2024-03-28;256;8
Paris;2025-05-27;90;2
Paris;2024-02-04;90;29
Paris;2023-09-06;90;33
Warsaw;2025-05-04;352;9
Warsaw;2023-04-21;352;22
Warsaw;2022-04-01;352;3
Nice;2021-12-22;118;29
Nice;2024-04-13;118;6
Nice;2025-07-24;118;13
Nice;2021-11-20;368;2
Nice;2023-03-15;368;3
Nice;2022-01-21;368;28
Tunis;2023-04-10;273;11
Tunis;2021-03-22;273;39
Tunis;2021-10-17;273;21
Dubrovnik;2023-10-12;117;2
Dubrovnik;2021-05-05;117;5
Dubrovnik;2022-11-22;117;36
Marrakesh;2024-05-17;225;14
Marrakesh;2023-06-25;225;17
Marrakesh;2025-04-30;225;30
Delhi;2021-07-29;192;40
Delhi;2023-10-16;192;17
Delhi;2022-08-31;192;4
Rotterdam;2024-03-07;201;10
Rotterdam;2023-09-29;201;37
Rotterdam;2025-05-25;201;10
Prague;2023-04-16;79;7
Prague;2024-03-08;79;2
Prague;2023-10-20;79;9
Antalya;2025-05-04;391;7
Antalya;2023-12-21;391;7
Antalya;2023-09-05;391;32
Mumbai;2022-09-17;321;8
Mumbai;2021-09-29;321;6
Mumbai;2020-11-28;321;4
Zurich;2022-08-04;202;26
Zurich;2024-01-06;202;13
Zurich;2024-04-20;202;23
Lisbon;2025-12-06;136;4
Lisbon;2021-04-14;136;15
Lisbon;2024-11-24;136;6
Athens;2022-11-04;172;11
Athens;2021-08-22;172;10
Athens;2022-09-29;172;4
Reykjavik;2020-10-07;255;8
Reykjavik;2022-04-29;255;20
Reykjavik;2022-08-20;255;13
Sydney;2022-03-17;373;18
Sydney;2025-12-26;373;6
Sydney;2025-11-07;373;29
Salzburg;2021-01-14;151;27
Salzburg;2021-05-25;151;13
Salzburg;2023-01-01;151;24
London;2020-01-10;307;33
London;2023-11-28;307;3
London;2022-07-19;307;23
Valencia;2020-01-05;333;26
Valencia;2022-09-16;333;1
Valencia;2021-03-01;333;7
Vienna;2021-12-27;59;4
Vienna;2023-01-21;59;2
Vienna;2025-08-20;59;2
Toronto;2020-07-18;90;4
Toronto;2020-04-02;90;6
Toronto;2022-01-20;90;33
Rome;2025-09-01;112;4
Rome;2020-11-17;112;2
Rome;2022-12-05;112;24
Aarhus;2024-04-02;290;29
Aarhus;2025-05-31;290;8
Aarhus;2025-11-18;290;18
Sofia;2024-10-09;146;23
Sofia;2023-12-25;146;17
Sofia;2025-11-24;146;19
Antalya;2023-12-02;175;13
Antalya;2025-10-06;175;3
Antalya;2021-09-19;175;25
Stockholm;2025-12-12;188;4
Stockholm;2021-02-10;188;15
Stockholm;2021-11-11;188;4
Split;2021-10-15;141;21
Split;2021-08-04;141;17
Split;2024-10-16;141;22
Oslo;2023-07-13;143;31
Oslo;2021-12-24;143;21
Oslo;2021-08-15;143;20
Split;2023-09-07;241;4
Split;2022-05-26;241;10
Split;2025-02-14;241;9
Porto;2022-08-13;165;13
Porto;2022-07-22;165;30
Porto;2024-02-20;165;7
Nice;2025-05-18;95;20
Nice;2021-02-06;95;9
Nice;2021-11-21;95;13
Antalya;2023-05-21;76;7
Antalya;2024-10-29;76;5
Antalya;2023-06-14;76;24
Athens;2022-03-14;50;39
Athens;2024-01-06;50;10
Athens;2025-12-12;50;7
Marrakesh;2020-09-16;370;5
Marrakesh;2023-12-28;370;18
Marrakesh;2022-08-03;370;21
Gothenburg;2024-08-07;356;17
Gothenburg;2020-06-21;356;20
Gothenburg;2025-01-20;356;5
Burgas;2021-09-20;284;25
Burgas;2025-06-03;284;4
Burgas;2022-12-18;284;4
Dubrovnik;2024-01-08;306;21
Dubrovnik;2022-09-05;306;9
Dubrovnik;2025-10-16;306;42
Delhi;2025-08-14;102;19
Delhi;2021-08-08;102;4
Delhi;2025-12-20;102;13
Warsaw;2025-09-13;204;5
Warsaw;2023-04-03;204;7
Warsaw;2022-03-08;204;6
Berlin;2022-12-01;343;22
Berlin;2025-03-04;343;11
Berlin;2023-04-16;343;23
Hurghada;2025-02-02;274;5
Hurghada;2020-04-23;274;43
Hurghada;2021-12-22;274;12
Salzburg;2020-01-24;132;2
Salzburg;2024-09-14;132;5
Salzburg;2022-03-09;132;47
Toronto;2021-09-17;269;3
Toronto;2020-09-20;269;11
Toronto;2024-03-19;269;3
Zurich;2023-04-25;332;12
Zurich;2022-08-01;332;12
Zurich;2023-01-08;332;27
Athens;2023-09-03;305;24
Athens;2024-05-08;305;38
Athens;2024-04-24;305;30
Ostrava;2023-04-01;90;8
Ostrava;2020-04-23;90;28
Ostrava;2021-06-28;90;5
Split;2020-10-28;368;5
Split;2022-05-02;368;16
Split;2020-04-01;368;33
Ostrava;2023-06-14;149;11
Ostrava;2023-10-08;149;9
Ostrava;2022-06-30;149;14
Split;2024-02-10;150;10
Split;2022-06-21;150;4
Split;2022-08-26;150;27
Casablanca;2023-01-25;101;8
Casablanca;2024-11-23;101;3
Casablanca;2025-12-10;101;6
Gdansk;2025-07-24;321;11
Gdansk;2023-02-17;321;12
Gdansk;2025-09-07;321;11
Mumbai;2024-12-03;318;1
Mumbai;2024-02-27;318;9
Mumbai;2023-06-02;318;49
Tokyo;2021-06-02;349;37
Tokyo;2021-08-22;349;16
Tokyo;2022-02-06;349;9
Akureyri;2020-12-02;135;7
Akureyri;2020-08-19;135;14
Akureyri;2024-12-15;135;7
Beijing;2020-06-12;179;13
Beijing;2025-03-07;179;2
Beijing;2021-08-14;179;2
Prague;2020-02-10;217;1
Prague;2020-02-23;217;4
Prague;2023-09-15;217;1
Tunis;2021-03-22;63;16
Tunis;2025-11-21;63;23
Tunis;2020-06-03;63;20
Beijing;2024-12-13;190;7
Beijing;2023-04-03;190;17
Beijing;2021-06-20;190;10
Dublin;2025-02-25;308;5
Dublin;2022-05-24;308;3
Dublin;2025-07-21;308;30
Porto;2023-12-07;194;39
Porto;2021-07-13;194;11
Porto;2021-04-16;194;9
Delhi;2020-06-30;285;32
Delhi;2025-03-01;285;25
Delhi;2020-06-11;285;11
Delhi;2025-09-28;349;2
Delhi;2020-12-01;349;15
Delhi;2021-10-01;349;14
Antalya;2023-10-01;46;33
Antalya;2022-03-23;46;4
Antalya;2021-04-10;46;12
Oslo;2021-03-31;68;13
Oslo;2025-09-06;68;25
Oslo;2024-07-11;68;5
Brussels;2020-02-14;289;10
Brussels;2021-08-03;289;5
Brussels;2023-12-11;289;22
London;2021-02-18;116;11
London;2024-09-10;116;1
London;2023-11-27;116;27
Istanbul;2024-03-26;119;25
Istanbul;2023-11-16;119;36
Istanbul;2024-10-30;119;31
Toronto;2020-09-19;258;7
Toronto;2022-05-08;258;1
Toronto;2025-08-04;258;14
Rotterdam;2022-09-11;186;4
Rotterdam;2025-02-10;186;34
Rotterdam;2025-06-06;186;9
Thessaloniki;2023-04-12;44;7
Thessaloniki;2023-05-30;44;40
Thessaloniki;2020-02-25;44;19
Antwerp;2020-02-15;106;2
Antwerp;2020-03-29;106;13
Antwerp;2021-06-02;106;7
Venice;2022-05-14;260;4
Venice;2024-10-10;260;27
Venice;2020-02-29;260;6
Gothenburg;2021-08-29;393;18
Gothenburg;2020-11-16;393;4
Gothenburg;2022-09-29;393;22
Thessaloniki;2022-04-29;137;1
Thessaloniki;2021-02-19;137;22
Thessaloniki;2023-01-06;137;8
Paris;2021-12-16;321;16
Paris;2021-12-11;321;1
Paris;2023-06-04;321;5
Vienna;2024-07-05;381;5
Vienna;2021-05-16;381;8
Vienna;2020-05-28;381;19
Brussels;2025-01-05;147;8
Brussels;2025-04-28;147;4
Brussels;2022-10-25;147;28
Cairo;2025-04-03;133;10
Cairo;2023-08-23;133;21
Cairo;2024-09-08;133;8
Dubrovnik;2024-08-14;395;3
Dubrovnik;2024-12-22;395;5
Dubrovnik;2024-02-27;395;21
Sofia;2025-01-13;310;22
Sofia;2024-05-08;310;15
Sofia;2025-07-04;310;9
Reykjavik;2022-11-12;82;6
Reykjavik;2023-01-26;82;12
Reykjavik;2021-04-04;82;7
Oslo;2023-10-15;102;8
Oslo;2023-04-03;102;7
Oslo;2025-08-22;102;14
Shanghai;2022-09-15;142;11
Shanghai;2021-11-28;142;5
Shanghai;2021-07-20;142;6
Thessaloniki;2021-04-20;198;14
Thessaloniki;2021-12-07;198;16
Thessaloniki;2022-10-02;198;44
Oslo;2022-09-21;389;12
Oslo;2024-02-23;389;25
Oslo;2024-07-20;389;20
Barcelona;2022-05-04;163;3
Barcelona;2021-07-17;163;32
Barcelona;2023-01-15;163;27
Reykjavik;2021-05-25;340;3
Reykjavik;2022-11-12;340;17
Reykjavik;2020-08-01;340;11
Berlin;2025-03-27;232;34
Berlin;2020-01-24;232;37
Berlin;2025-11-14;232;43
Split;2022-07-18;79;34
Split;2020-11-14;79;45
Split;2024-08-14;79;2
Aarhus;2020-10-08;205;43
Aarhus;2021-10-23;205;31
Aarhus;2024-09-01;205;13
Bergen;2024-12-19;130;5
Bergen;2024-02-29;130;4
Bergen;2024-03-30;130;3
Barcelona;2022-09-24;156;8
Barcelona;2021-04-21;156;7
Barcelona;2022-05-22;156;3
Paris;2020-09-01;398;11
Paris;2025-12-18;398;22
Paris;2021-02-22;398;2
Athens;2021-05-16;321;15
Athens;2020-06-08;321;21
Athens;2021-05-10;321;26
Ostrava;2021-09-20;357;6
Ostrava;2024-02-25;357;29
Ostrava;2023-12-15;357;15
Salzburg;2025-02-04;334;16
Salzburg;2024-02-03;334;21
Salzburg;2021-08-09;334;16
Delhi;2020-12-12;97;2
Delhi;2022-06-17;97;13
Delhi;2022-06-30;97;1
Marrakesh;2024-02-17;258;1
Marrakesh;2021-10-04;258;20
Marrakesh;2023-06-17;258;9
Munich;2020-07-21;357;11
Munich;2020-01-30;357;30
Munich;2023-09-03;357;12
Melbourne;2025-08-25;227;27
Melbourne;2021-09-23;227;8
Melbourne;2021-07-27;227;36
Salzburg;2025-08-31;271;39
Salzburg;2022-01-08;271;6
Salzburg;2020-12-09;271;8
Burgas;2025-06-24;318;7
Burgas;2025-03-05;318;15
Burgas;2024-01-26;318;22
Stockholm;2024-01-07;60;10
Stockholm;2023-10-17;60;17
Stockholm;2024-06-01;60;7
Rotterdam;2023-08-27;65;3
Rotterdam;2022-05-17;65;5
Rotterdam;2023-02-15;65;7
Dubrovnik;2025-04-21;43;13
Dubrovnik;2022-01-31;43;8
Dubrovnik;2024-06-06;43;7
Akureyri;2024-10-14;370;13
Akureyri;2022-09-04;370;2
Akureyri;2025-08-09;370;3
Warsaw;2023-12-27;242;38
Warsaw;2023-06-22;242;25
Warsaw;2022-10-13;242;30
Thessaloniki;2020-08-05;69;19
Thessaloniki;2022-02-08;69;3
Thessaloniki;2025-07-17;69;1
Reykjavik;2025-06-27;146;1
Reykjavik;2025-04-15;146;14
Reykjavik;2022-06-28;146;31
Gdansk;2021-08-19;196;12
Gdansk;2020-05-03;196;6
Gdansk;2025-11-13;196;7
Melbourne;2020-02-19;139;22
Melbourne;2020-07-20;139;10
Melbourne;2022-07-23;139;33
Osaka;2023-11-23;47;27
Osaka;2024-01-05;47;4
Osaka;2020-04-24;47;7
Ostrava;2025-12-14;79;3
Ostrava;2023-08-01;79;26
Ostrava;2023-04-01;79;9
Thessaloniki;2022-11-19;110;20
Thessaloniki;2022-09-06;110;5
Thessaloniki;2023-11-28;110;6
Lyon;2023-02-17;211;14
Lyon;2025-02-23;211;4
Lyon;2023-04-14;211;23
Oslo;2023-02-05;268;23
Oslo;2020-01-04;268;5
Oslo;2024-09-02;268;12
Edinburgh;2020-01-18;132;18
Edinburgh;2023-01-10;132;11
Edinburgh;2021-12-13;132;6
Stockholm;2020-05-03;364;16
Stockholm;2025-02-04;364;19
Stockholm;2020-07-22;364;14
Antalya;2022-04-04;108;12
Antalya;2024-09-20;108;19
Antalya;2024-09-18;108;1
Antwerp;2022-03-29;298;4
Antwerp;2022-01-21;298;4
Antwerp;2025-08-16;298;4
Milan;2021-12-02;382;2
Milan;2025-08-04;382;5
Milan;2024-09-23;382;10
Rome;2021-05-11;338;17
Rome;2023-07-30;338;4
Rome;2024-11-22;338;14
London;2022-03-23;128;2
London;2022-04-18;128;29
London;2021-04-23;128;40
Marrakesh;2023-04-11;277;24
Marrakesh;2020-01-08;277;8
Marrakesh;2021-07-30;277;9
Tunis;2023-09-15;196;8
Tunis;2020-01-06;196;13
Tunis;2025-12-25;196;1
Aarhus;2021-04-26;378;7
Aarhus;2023-06-20;378;21
Aarhus;2022-07-30;378;4
Reykjavik;2025-04-07;236;9
Reykjavik;2021-01-09;236;29
Reykjavik;2021-05-12;236;24
Sofia;2025-01-13;239;18
Sofia;2020-11-11;239;2
Sofia;2020-10-08;239;5
Dubrovnik;2020-11-03;280;6
Dubrovnik;2021-08-31;280;3
Dubrovnik;2020-01-23;280;2
Hamburg;2022-05-21;333;8
Hamburg;2023-09-11;333;2
Hamburg;2021-02-08;333;18
Madrid;2024-05-13;207;9
Madrid;2021-10-20;207;2
Madrid;2025-09-10;207;9
Hammamet;2023-01-14;362;22
Hammamet;2021-04-24;362;46
Hammamet;2020-12-15;362;1
Aarhus;2024-03-17;65;15
Aarhus;2025-12-04;65;4
Aarhus;2025-05-02;65;40
New York;2024-06-19;101;20
New York;2022-05-03;101;10
New York;2021-01-13;101;23
Salzburg;2024-10-28;60;6
Salzburg;2024-10-08;60;15
Salzburg;2025-12-07;60;17
Tokyo;2022-07-05;298;26
Tokyo;2022-10-11;298;11
Tokyo;2020-12-30;298;26
Hammamet;2022-04-14;55;23
Hammamet;2020-01-29;55;4
Hammamet;2020-07-17;55;3
Manchester;2020-05-01;47;24
Manchester;2024-09-07;47;14
Manchester;2023-12-27;47;17
Prague;2021-01-28;123;18
Prague;2023-07-15;123;1
Prague;2025-04-10;123;12
Cork;2023-07-18;356;4
Cork;2021-01-25;356;16
Cork;2023-03-02;356;22
Porto;2024-11-01;206;25
Porto;2025-03-23;206;25
Porto;2022-03-31;206;35
Istanbul;2024-10-02;394;1
Istanbul;2021-08-12;394;24
Istanbul;2022-03-14;394;17
Geneva;2023-04-28;115;16
Geneva;2023-10-21;115;19
Geneva;2025-10-21;115;4
Toronto;2022-05-16;87;33
Toronto;2024-07-07;87;2
Toronto;2021-05-04;87;9
Casablanca;2022-06-16;400;1
Casablanca;2024-05-19;400;3
Casablanca;2020-02-16;400;7
Stockholm;2024-07-11;294;7
Stockholm;2023-04-27;294;9
Stockholm;2025-03-17;294;21
Tunis;2021-09-03;43;22
Tunis;2024-06-19;43;2
Tunis;2024-06-16;43;6
Split;2023-02-21;48;6
Split;2024-07-26;48;2
Split;2020-05-21;48;26
Burgas;2020-10-30;75;18
Burgas;2020-02-25;75;37
Burgas;2024-05-06;75;9
Madrid;2022-07-21;231;25
Madrid;2023-02-22;231;41
Madrid;2022-06-11;231;28
Split;2020-12-15;171;1
Split;2022-07-05;171;1
Split;2023-07-19;171;1
Reykjavik;2023-04-03;103;40
Reykjavik;2025-01-26;103;1
Reykjavik;2022-01-26;103;23
Hurghada;2020-10-27;108;4
Hurghada;2020-02-14;108;26
Hurghada;2020-05-20;108;10
Copenhagen;2020-10-27;180;10
Copenhagen;2022-12-24;180;25
Copenhagen;2022-04-26;180;43
Warsaw;2021-08-12;336;16
Warsaw;2021-10-27;336;35
Warsaw;2022-05-31;336;9
Cork;2022-09-12;198;18
Cork;2024-03-20;198;21
Cork;2020-12-22;198;20
Shanghai;2025-02-27;94;24
Shanghai;2021-06-01;94;18
Shanghai;2024-10-21;94;5
Split;2023-05-08;388;2
Split;2023-02-26;388;5
Split;2021-11-24;388;13
Delhi;2023-09-21;307;5
Delhi;2020-11-27;307;10
Delhi;2022-12-27;307;23
Aarhus;2024-08-17;104;27
Aarhus;2022-04-04;104;33
Aarhus;2024-09-07;104;3
Hammamet;2021-04-02;343;8
Hammamet;2022-05-15;343;14
Hammamet;2024-04-11;343;13
Geneva;2021-01-03;359;6
Geneva;2023-12-15;359;19
Geneva;2025-01-21;359;36
Sydney;2022-03-25;332;18
Sydney;2020-11-02;332;19
Sydney;2020-03-17;332;5
Lyon;2021-05-20;114;2
Lyon;2020-11-24;114;47
Lyon;2025-11-22;114;16
Hammamet;2023-10-03;161;23
Hammamet;2021-02-08;161;43
Hammamet;2025-11-22;161;2
Dubrovnik;2020-09-15;326;5
Dubrovnik;2024-08-02;326;3
Dubrovnik;2020-12-31;326;6
Hurghada;2020-02-13;321;29
Hurghada;2025-11-16;321;40
Hurghada;2024-03-25;321;5
Berlin;2021-02-27;187;2
Berlin;2021-01-27;187;37
Berlin;2021-08-22;187;21
Athens;2023-03-22;112;11
Athens;2020-04-13;112;11
Athens;2022-05-25;112;4
Hamburg;2021-03-22;186;14
Hamburg;2020-03-26;186;12
Hamburg;2025-03-30;186;11
Gothenburg;2024-05-01;71;30
Gothenburg;2022-08-28;71;12
Gothenburg;2025-06-27;71;4
Istanbul;2022-07-24;54;7
Istanbul;2021-10-22;54;42
Istanbul;2021-02-13;54;3
Stockholm;2022-07-15;151;14
Stockholm;2023-12-10;151;35
Stockholm;2022-03-02;151;9
Istanbul;2025-02-13;58;3
Istanbul;2020-10-28;58;1
Istanbul;2023-07-16;58;2
Copenhagen;2022-02-23;380;38
Copenhagen;2023-06-28;380;19
Copenhagen;2025-01-03;380;2
Reykjavik;2023-12-15;348;9
Reykjavik;2025-06-05;348;8
Reykjavik;2024-10-22;348;10
Barcelona;2024-01-14;51;26
Barcelona;2020-06-08;51;25
Barcelona;2021-03-03;51;19
Antwerp;2021-11-03;74;8
Antwerp;2021-01-29;74;33
Antwerp;2021-11-12;74;26
Milan;2021-07-20;140;17
Milan;2021-10-29;140;4
Milan;2025-07-09;140;44
Beijing;2025-11-01;232;33
Beijing;2022-03-23;232;29
Beijing;2024-11-13;232;2
Brussels;2020-03-03;321;19
Brussels;2021-03-10;321;28
Brussels;2024-11-11;321;16
Split;2022-09-24;216;3
Split;2020-11-22;216;49
Split;2024-08-30;216;4
Tokyo;2022-07-11;257;5
Tokyo;2020-04-02;257;8
Tokyo;2021-09-19;257;14
Hurghada;2021-10-22;395;24
Hurghada;2025-07-05;395;31
Hurghada;2023-01-23;395;2
Athens;2025-09-19;308;21
Athens;2023-10-24;308;7
Athens;2021-01-12;308;41
Miami;2024-09-03;353;24
Miami;2022-06-18;353;10
Miami;2024-01-13;353;6
Los Angeles;2025-12-27;176;13
Los Angeles;2022-03-23;176;38
Los Angeles;2024-08-06;176;5
Porto;2021-12-16;158;17
Porto;2020-08-23;158;15
Porto;2021-03-17;158;26
Cairo;2021-06-03;45;14
Cairo;2023-02-27;45;32
Cairo;2023-06-21;45;29
Delhi;2024-12-19;108;1
Delhi;2023-03-10;108;5
Delhi;2022-03-16;108;2
Athens;2025-02-01;314;2
Athens;2020-03-02;314;11
Athens;2021-03-25;314;14
Tokyo;2022-09-23;121;6
Tokyo;2022-04-14;121;12
Tokyo;2024-02-16;121;23
Montreal;2020-02-26;362;43
Montreal;2025-10-24;362;14
Montreal;2022-04-05;362;8
Rotterdam;2023-07-31;353;44
Rotterdam;2025-05-14;353;16
Rotterdam;2020-11-09;353;11
Tokyo;2021-12-22;271;4
Tokyo;2023-06-18;271;8
Tokyo;2025-02-04;271;5
Miami;2024-09-28;384;38
Miami;2022-01-22;384;2
Miami;2020-01-31;384;9
Berlin;2025-03-11;126;37
Berlin;2021-06-22;126;1
Berlin;2024-08-22;126;17
Istanbul;2025-05-07;250;7
Istanbul;2021-11-25;250;19
Istanbul;2021-09-06;250;1
Sydney;2024-03-29;367;5
Sydney;2025-04-12;367;4
Sydney;2023-12-24;367;20
Gdansk;2021-03-23;197;31
Gdansk;2020-04-01;197;15
Gdansk;2024-06-14;197;20
Berlin;2021-03-19;250;12
Berlin;2023-03-05;250;33
Berlin;2021-07-04;250;11
Berlin;2025-01-07;385;8
Berlin;2022-02-26;385;19
Berlin;2025-12-08;385;8
Gdansk;2024-12-25;300;25
Gdansk;2020-09-11;300;4
Gdansk;2020-07-17;300;7
Casablanca;2022-02-14;253;28
Casablanca;2020-10-12;253;22
Casablanca;2025-08-21;253;5
Osaka;2023-10-08;382;4
Osaka;2024-01-01;382;31
Osaka;2023-03-05;382;5
Sofia;2021-09-19;114;35
Sofia;2022-10-12;114;8
Sofia;2022-07-11;114;16
Edinburgh;2021-05-14;324;9
Edinburgh;2021-08-20;324;35
Edinburgh;2020-12-04;324;28
Munich;2020-08-12;226;27
Munich;2020-09-23;226;1
Munich;2022-06-01;226;14
Delhi;2020-06-10;206;31
Delhi;2021-04-18;206;25
Delhi;2024-05-25;206;10
Akureyri;2020-11-30;352;7
Akureyri;2022-11-22;352;9
Akureyri;2024-01-07;352;16
Venice;2022-11-05;96;3
Venice;2020-05-19;96;35
Venice;2021-11-14;96;17
Tokyo;2022-03-18;186;1
Tokyo;2024-09-22;186;19
Tokyo;2023-06-25;186;2
Tokyo;2024-07-06;148;1
Tokyo;2020-06-25;148;21
Tokyo;2021-08-09;148;23
Brussels;2024-04-02;346;27
Brussels;2022-03-13;346;7
Brussels;2021-03-05;346;14
Dublin;2021-06-24;152;17
Dublin;2023-09-25;152;18
Dublin;2025-04-10;152;6
Rome;2020-09-22;99;9
Rome;2024-04-23;99;7
Rome;2025-05-22;99;14
Prague;2022-08-31;356;31
Prague;2021-06-25;356;12
Prague;2020-09-25;356;16
Vienna;2023-06-30;333;10
Vienna;2021-01-07;333;3
Vienna;2024-07-15;333;9
Bergen;2020-10-20;368;4
Bergen;2024-12-01;368;15
Bergen;2021-07-07;368;7
Hamburg;2023-10-23;124;17
Hamburg;2020-08-20;124;26
Hamburg;2021-03-08;124;4
Geneva;2020-06-17;223;25
Geneva;2023-05-31;223;1
Geneva;2020-08-28;223;10
Berlin;2023-10-29;206;14
Berlin;2024-02-09;206;5
Berlin;2024-04-18;206;4
Dublin;2021-11-05;319;1
Dublin;2021-05-13;319;3
Dublin;2022-05-09;319;30
Tokyo;2020-08-26;149;34
Tokyo;2020-07-20;149;23
Tokyo;2023-05-23;149;1
Berlin;2022-08-17;226;32
Berlin;2020-01-14;226;1
Berlin;2022-05-08;226;43
Istanbul;2022-09-12;217;10
Istanbul;2021-07-31;217;2
Istanbul;2022-10-29;217;17
Tunis;2022-02-02;237;23
Tunis;2021-11-02;237;3
Tunis;2023-01-31;237;2
Cork;2024-08-22;159;16
Cork;2022-09-22;159;1
Cork;2023-07-18;159;1
Krakow;2020-12-05;392;7
Krakow;2025-04-25;392;22
Krakow;2025-06-24;392;13
Tunis;2024-02-08;118;7
Tunis;2022-08-31;118;1
Tunis;2023-09-17;118;2
London;2024-01-05;254;5
London;2023-08-10;254;38
London;2024-09-26;254;12
Rotterdam;2022-03-21;233;15
Rotterdam;2024-04-02;233;13
Rotterdam;2022-09-11;233;26
Dublin;2020-04-09;95;1
Dublin;2020-05-26;95;12
Dublin;2020-07-25;95;5
Ostrava;2023-10-19;191;36
Ostrava;2023-03-25;191;9
Ostrava;2023-07-16;191;22
Osaka;2021-03-09;251;5
Osaka;2025-06-21;251;37
Osaka;2025-02-06;251;12
Mumbai;2023-11-07;42;25
Mumbai;2025-12-13;42;16
Mumbai;2023-09-10;42;22
Prague;2024-11-05;127;44
Prague;2024-07-21;127;38
Prague;2025-08-25;127;31
Madrid;2023-01-19;207;5
Madrid;2020-07-05;207;13
Madrid;2024-06-20;207;8
Osaka;2020-06-16;315;8
Osaka;2022-04-03;315;14
Osaka;2020-09-15;315;17
Rotterdam;2021-06-06;226;1
Rotterdam;2021-01-23;226;8
Rotterdam;2023-02-09;226;2
Toronto;2021-12-27;202;6
Toronto;2020-03-26;202;9
Toronto;2022-01-16;202;31
Ostrava;2025-03-27;131;23
Ostrava;2024-07-19;131;37
Ostrava;2022-12-26;131;3
Beijing;2025-04-07;131;7
Beijing;2024-09-07;131;13
Beijing;2022-07-20;131;16
Geneva;2023-11-06;387;4
Geneva;2025-07-15;387;7
Geneva;2020-06-18;387;27
Istanbul;2025-12-29;213;6
Istanbul;2021-09-07;213;4
Istanbul;2023-04-06;213;3
Munich;2022-07-10;390;22
Munich;2022-01-15;390;20
Munich;2022-09-12;390;3
Nice;2023-02-10;100;24
Nice;2021-06-10;100;6
Nice;2021-05-24;100;5
Rotterdam;2021-09-08;211;16
Rotterdam;2022-01-26;211;33
Rotterdam;2024-11-11;211;13
Reykjavik;2022-01-09;369;19
Reykjavik;2021-07-02;369;2
Reykjavik;2020-03-19;369;14
Salzburg;2024-05-14;286;9
Salzburg;2020-07-29;286;9
Salzburg;2025-09-01;286;26
Tokyo;2021-01-31;248;30
Tokyo;2021-05-09;248;45
Tokyo;2021-06-11;248;30
Amsterdam;2021-12-21;297;1
Amsterdam;2023-08-05;297;44
Amsterdam;2021-02-26;297;13
Hammamet;2020-05-16;49;4
Hammamet;2025-02-22;49;24
Hammamet;2024-11-05;49;5
Milan;2023-01-23;266;36
Milan;2025-01-24;266;4
Milan;2020-12-26;266;16
Los Angeles;2021-05-26;207;6
Los Angeles;2020-10-02;207;12
Los Angeles;2025-11-07;207;7
Antwerp;2023-09-29;187;27
Antwerp;2023-12-05;187;12
Antwerp;2023-02-18;187;9
Burgas;2021-04-05;62;12
Burgas;2020-12-21;62;5
Burgas;2025-06-16;62;15
Venice;2023-11-13;350;5
Venice;2025-03-04;350;9
Venice;2020-07-24;350;25
London;2021-11-28;41;5
London;2020-12-26;41;31
London;2025-10-02;41;3
Sofia;2022-11-02;323;32
Sofia;2022-10-20;323;11
Sofia;2021-06-02;323;10
Mumbai;2020-11-10;243;4
Mumbai;2021-12-15;243;4
Mumbai;2022-02-11;243;1
Brussels;2020-08-01;98;27
Brussels;2020-06-21;98;16
Brussels;2025-08-31;98;4
Amsterdam;2020-07-17;137;22
Amsterdam;2025-11-08;137;12
Amsterdam;2021-03-28;137;36
Shanghai;2025-12-27;223;3
Shanghai;2022-02-24;223;2
Shanghai;2021-01-17;223;4
Akureyri;2020-11-19;281;28
Akureyri;2021-01-01;281;13
Akureyri;2025-08-07;281;10
Reykjavik;2024-10-02;100;21
Reykjavik;2022-04-11;100;3
Reykjavik;2025-07-06;100;23
Krakow;2023-08-24;55;8
Krakow;2025-06-15;55;6
Krakow;2024-07-31;55;10
Toronto;2022-06-13;234;5
Toronto;2023-01-25;234;6
Toronto;2025-06-24;234;40
Lisbon;2023-10-23;127;7
Lisbon;2023-10-09;127;2
Lisbon;2024-08-03;127;22
Mumbai;2023-05-18;71;11
Mumbai;2023-08-28;71;21
Mumbai;2022-06-10;71;46
Gothenburg;2025-10-07;331;39
Gothenburg;2022-07-04;331;26
Gothenburg;2023-09-13;331;29
Geneva;2021-06-23;334;34
Geneva;2022-06-17;334;27
Geneva;2022-01-18;334;3
Tunis;2022-04-21;319;3
Tunis;2022-02-17;319;9
Tunis;2020-10-02;319;7
Split;2024-08-06;110;13
Split;2021-01-17;110;7
Split;2021-06-09;110;16
Lisbon;2020-09-19;283;4
Lisbon;2024-01-15;283;13
Lisbon;2024-10-14;283;34
Krakow;2021-05-23;128;4
Krakow;2023-06-23;128;3
Krakow;2020-08-09;128;11
Milan;2023-12-30;169;5
Milan;2021-03-31;169;2
Milan;2022-05-12;169;15
Valencia;2020-04-18;252;2
Valencia;2021-07-08;252;17
Valencia;2024-06-23;252;1
London;2024-10-21;190;12
London;2023-12-09;190;16
London;2021-10-29;190;9
Dublin;2023-06-01;117;18
Dublin;2025-12-06;117;2
Dublin;2025-12-02;117;3
Zurich;2021-10-09;388;8
Zurich;2022-10-09;388;12
Zurich;2020-08-15;388;37
Vienna;2023-06-26;55;34
Vienna;2023-10-07;55;21
Vienna;2021-01-08;55;10
Munich;2024-08-03;369;31
Munich;2022-06-03;369;15
Munich;2020-03-11;369;29
New York;2024-08-29;315;6
New York;2024-01-18;315;9
New York;2020-01-25;315;20
Burgas;2021-11-28;327;1
Burgas;2025-09-27;327;9
Burgas;2021-05-28;327;3
Stockholm;2022-08-13;214;35
Stockholm;2022-03-07;214;12
Stockholm;2021-02-13;214;31
Montreal;2024-12-31;82;1
Montreal;2022-04-25;82;5
Montreal;2021-01-18;82;8
Burgas;2025-11-18;254;18
Burgas;2023-11-28;254;4
Burgas;2024-01-03;254;18
Los Angeles;2024-06-01;256;7
Los Angeles;2024-09-01;256;11
Los Angeles;2022-02-08;256;25
Valencia;2023-07-09;146;15
Valencia;2020-10-16;146;6
Valencia;2024-07-15;146;41
Shanghai;2025-03-12;163;34
Shanghai;2021-04-04;163;9
Shanghai;2020-02-26;163;21
Hamburg;2025-09-03;394;18
Hamburg;2022-12-14;394;13
Hamburg;2024-10-02;394;12
Beijing;2024-01-30;160;19
Beijing;2022-02-03;160;15
Beijing;2024-07-03;160;29
Los Angeles;2022-04-05;136;23
Los Angeles;2021-08-07;136;8
Los Angeles;2024-09-08;136;3
Barcelona;2021-11-08;393;3
Barcelona;2024-07-05;393;9
Barcelona;2025-03-22;393;2
Geneva;2025-09-08;142;3
Geneva;2022-05-17;142;3
Geneva;2022-10-22;142;47
Melbourne;2021-04-12;50;15
Melbourne;2025-10-13;50;5
Melbourne;2020-04-29;50;32
Amsterdam;2023-02-20;383;22
Amsterdam;2021-01-17;383;5
Amsterdam;2020-09-16;383;24
Split;2023-10-05;295;12
Split;2024-05-20;295;22
Split;2025-06-06;295;49
